,time_utc,18_evening,12_evening,6_evening,18_morning,12_morning,6_morning
2021-06-01,2021-06-01,2459366.763874349,2459366.7432498303,2459366.723261765,2459367.096854146,2459367.1174807833,2459367.137470486
2021-06-02,2021-06-02,2459367.7642213455,2459367.7435634974,2459367.7235483048,2459368.096730284,2459368.1173907397,2459368.137407091
2021-06-03,2021-06-03,2459368.7645618743,2459368.743872184,2459368.7238310524,2459369.0966218836,2459369.1173144076,2459369.13735656
2021-06-04,2021-06-04,2459369.764895513,2459369.7441755133,2459369.72410967,2459370.096528938,2459370.1172520537,2459370.137318804
2021-06-05,2021-06-05,2459370.7652218374,2459370.744473103,2459370.724383809,2459371.096451419,2459371.117203606,2459371.137293713
2021-06-06,2021-06-06,2459371.7655404196,2459371.744764565,2459371.724653116,2459372.096389277,2459372.117168971,2459372.137281161
2021-06-07,2021-06-07,2459372.7658508294,2459372.7450495088,2459372.7249172307,2459373.0963424416,2459373.117148038,2459373.1372810034
2021-06-08,2021-06-08,2459373.76615264,2459373.74532754,2459373.725175789,2459374.096310825,2459374.117140679,2459374.137293081
2021-06-09,2021-06-09,2459374.7664454253,2459374.7455982664,2459374.7254284252,2459375.096294319,2459375.117146748,2459375.137317217
2021-06-10,2021-06-10,2459375.766728762,2459375.7458612933,2459375.7256747703,2459376.0962927947,2459376.117166082,2459376.137353221
2021-06-11,2021-06-11,2459376.7670022305,2459376.7461162275,2459376.7259144536,2459377.096306109,2459377.117198502,2459377.137400888
2021-06-12,2021-06-12,2459377.7672654167,2459377.746362679,2459377.726147107,2459378.0963341007,2459378.1172438166,2459378.1374600013
2021-06-13,2021-06-13,2459378.767517915,2459378.7466002638,2459378.7263723626,2459379.0963765937,2459379.11730182,2459379.137530332
2021-06-14,2021-06-14,2459379.767759329,2459379.7468286026,2459379.7265898585,2459380.096433399,2459380.117372295,2459380.1376114115
2021-06-15,2021-06-15,2459380.767989274,2459380.747047326,2459380.7267992394,2459381.0965043143,2459381.117454958,2459381.137702684
2021-06-16,2021-06-16,2459381.7682073805,2459381.7472560764,2459381.7270001583,2459382.0965891276,2459382.1175486585,2459382.137804349
2021-06-17,2021-06-17,2459382.7684132964,2459382.7474545105,2459382.7271922813,2459383.0966876186,2459383.1176539958,2459383.137916154
2021-06-18,2021-06-18,2459383.7686088984,2459383.747642304,2459383.727375289,2459384.0967995585,2459384.117770728,2459384.1380378455
2021-06-19,2021-06-19,2459384.768792109,2459384.747819152,2459384.7275488814,2459385.0969247124,2459385.1178986104,2459385.1381691685
2021-06-20,2021-06-20,2459385.7689620103,2459385.7479847763,2459385.7277127802,2459386.0970628406,2459386.1180373956,2459386.1383098704
2021-06-21,2021-06-21,2459386.7691183514,2459386.7481389246,2459386.7278667316,2459387.097213701,2459387.11818684,2459387.138459703
2021-06-22,2021-06-22,2459387.7692609145,2459387.7482813746,2459387.7280105078,2459388.097376154,2459388.1183467004,2459388.138618422
2021-06-23,2021-06-23,2459388.7693895116,2459388.748412922,2459388.728143907,2459389.0975491884,2459389.1185167367,2459389.13878579
2021-06-24,2021-06-24,2459389.7695039804,2459389.7485327134,2459389.728267416,2459390.0977340383,2459390.11869671,2459390.1389615713
2021-06-25,2021-06-25,2459390.7696041744,2459390.7486401354,2459390.728380472,2459391.0979304602,2459391.118886382,2459391.1391455326
2021-06-26,2021-06-26,2459391.7696899567,2459391.7487350353,2459391.728482535,2459392.0981382043,2459392.1190855093,2459392.139337438
2021-06-27,2021-06-27,2459392.7697611945,2459392.7488172622,2459392.7285734406,2459393.09835701,2459393.1192938406,2459393.1395370443
2021-06-28,2021-06-28,2459393.7698177565,2459393.7488866644,2459393.728653022,2459394.0985865993,2459394.119511109,2459394.139744094
2021-06-29,2021-06-29,2459394.7698595137,2459394.748943091,2459394.7287211115,2459395.098826674,2459395.1197370295,2459395.139958316
2021-06-30,2021-06-30,2459395.769886341,2459395.7489863914,2459395.728777539,2459396.0990769123,2459396.1199712986,2459396.140179421
2021-07-01,2021-07-01,2459396.7698981166,2459396.7490164167,2459396.728822135,2459397.0993369734,2459397.120213594,2459397.140407104
2021-07-02,2021-07-02,2459397.7698947266,2459397.749033023,2459397.7288547317,2459398.0996064967,2459398.1204635776,2459398.1406410467
2021-07-03,2021-07-03,2459398.7698760633,2459398.7490360714,2459398.728875165,2459399.099885104,2459399.1207208987,2459399.1408809205
2021-07-04,2021-07-04,2459399.7698420305,2459399.7490254296,2459399.728883276,2459400.100172404,2459400.120985193,2459400.141126386
2021-07-05,2021-07-05,2459400.76979254,2459400.749000974,2459400.7288789125,2459401.100467992,2459401.1212560884,2459401.141377097
2021-07-06,2021-07-06,2459401.7697275146,2459401.7489625895,2459401.7288619285,2459402.100771451,2459402.121533203,2459402.1416327003
2021-07-07,2021-07-07,2459402.7696468886,2459402.7489101696,2459402.7288321843,2459403.1010823543,2459403.1218161457,2459403.1418928374
2021-07-08,2021-07-08,2459403.769550605,2459403.748843616,2459403.7287895493,2459404.101400265,2459404.1221045204,2459404.1421571434
2021-07-09,2021-07-09,2459404.7694386183,2459404.748762839,2459404.728733899,2459405.101724739,2459405.1223979252,2459405.1424252517
2021-07-10,2021-07-10,2459405.769310892,2459405.7486677594,2459405.728665117,2459406.1020553266,2459406.122695953,2459406.142696792
2021-07-11,2021-07-11,2459406.7691674023,2459406.7485583057,2459406.728583096,2459407.102391571,2459407.1229981957,2459407.1429713946
2021-07-12,2021-07-12,2459407.7690081364,2459407.748434419,2459407.728487738,2459408.102733017,2459408.123304246,2459408.143248692
2021-07-13,2021-07-13,2459408.768833095,2459408.748296313,2459408.728378957,2459409.103079209,2459409.1236136993,2459409.143528321
2021-07-14,2021-07-14,2459409.768642296,2459409.74814495,2459409.728256682,2459410.1034296965,2459410.123926157,2459410.1438099258
2021-07-15,2021-07-15,2459410.768436041,2459410.7479791837,2459410.7281213677,2459411.1037840364,2459411.1242404426,2459411.144093162
2021-07-16,2021-07-16,2459411.768216714,2459411.747799019,2459411.7279730844,2459412.104140316,2459412.124554655,2459412.1443770737
2021-07-17,2021-07-17,2459412.767981964,2459412.7476044805,2459412.7278112904,2459413.1044964604,2459413.124870756,2459413.1446604473
2021-07-18,2021-07-18,2459413.767731893,2459413.74739562,2459413.7276359936,2459414.1048552087,2459414.1251884033,2459414.144944522
2021-07-19,2021-07-19,2459414.767466629,2459414.7471725144,2459414.7274472294,2459415.1052161804,2459415.1255072737,2459415.145229021
2021-07-20,2021-07-20,2459415.7671863283,2459415.74693527,2459415.7272450593,2459416.105579014,2459416.125827063,2459416.145513689
2021-07-21,2021-07-21,2459416.7668911726,2459416.7466840157,2459416.7270295713,2459417.105943367,2459417.1261474886,2459417.1457982906
2021-07-22,2021-07-22,2459417.766581366,2459417.7464189045,2459417.7268008734,2459418.106308918,2459418.1264682887,2459418.146082612
2021-07-23,2021-07-23,2459418.766257125,2459418.746140104,2459418.7265590904,2459419.106675366,2459419.12678922,2459419.1463664584
2021-07-24,2021-07-24,2459419.7659186795,2459419.745847792,2459419.7263043583,2459420.107042425,2459420.127110055,2459420.14664965
2021-07-25,2021-07-25,2459420.765566263,2459420.745542153,2459420.7260368196,2459421.1074098195,2459421.127430578,2459421.146932018
2021-07-26,2021-07-26,2459421.7652001097,2459421.7452233736,2459421.725756619,2459422.1077772826,2459422.1277505783,2459422.1472133975
2021-07-27,2021-07-27,2459422.7648204565,2459422.7448916417,2459422.7254639026,2459423.1081445455,2459423.1280698446,2459423.147493627
2021-07-28,2021-07-28,2459423.7644275404,2459423.744547145,2459423.7251588176,2459424.1085113394,2459424.128388166,2459424.1477725394
2021-07-29,2021-07-29,2459424.7640215983,2459424.7441900717,2459424.7248415104,2459425.108877391,2459425.128705328,2459425.1480499688
2021-07-30,2021-07-30,2459425.7636028687,2459425.7438206123,2459425.724512129,2459426.1092424276,2459426.1290211133,2459426.1483257455
2021-07-31,2021-07-31,2459426.7631715913,2459426.7434389573,2459426.724170823,2459427.1096061743,2459427.1293353066,2459427.148599699
2021-08-01,2021-08-01,2459427.762728008,2459427.7430452993,2459427.723817743,2459428.109968359,2459428.129647692,2459428.148871663
2021-08-02,2021-08-02,2459428.7622723617,2459428.7426398336,2459428.7234530426,2459429.110328713,2459429.1299580582,2459429.1491414704
2021-08-03,2021-08-03,2459429.761804899,2459429.7422227575,2459429.7230768786,2459430.1106869713,2459430.1302661966,2459430.1494089593
2021-08-04,2021-08-04,2459430.7613300653,2459430.741794273,2459430.72268941,2459431.1110398257,2459431.1305719013,2459431.1496739695
2021-08-05,2021-08-05,2459431.7608445343,2459431.741356501,2459431.722290799,2459432.1113896617,2459432.130874954,2459432.149936346
2021-08-06,2021-08-06,2459432.7603479433,2459432.7409091247,2459432.721881209,2459433.1117367507,2459433.1311729793,2459433.1501959343
2021-08-07,2021-08-07,2459433.759840535,2459433.7404509517,2459433.721460893,2459434.11208085,2459434.131468062,2459434.1504525854
2021-08-08,2021-08-08,2459434.7593225543,2459434.7399821817,2459434.7210322334,2459435.112421724,2459435.131760016,2459435.150706153
2021-08-09,2021-08-09,2459435.758794246,2459435.739503016,2459435.7205930883,2459436.112759145,2459436.132048664,2459436.150956499
2021-08-10,2021-08-10,2459436.7582558566,2459436.73901366,2459436.7201436246,2459437.113092894,2459437.132333836,2459437.151202444
2021-08-11,2021-08-11,2459437.7577076373,2459437.7385143205,2459437.7196840136,2459438.1134227673,2459438.132615373,2459438.151444707
2021-08-12,2021-08-12,2459438.7571498463,2459438.738005215,2459438.7192144366,2459439.113748573,2459439.1328931316,2459439.1516834544
2021-08-13,2021-08-13,2459439.756582751,2459439.7374865697,2459439.7187350835,2459440.1140701403,2459440.1331669833,2459440.1519185966
2021-08-14,2021-08-14,2459440.756006632,2459440.7369586257,2459440.718246161,2459441.114387317,2459441.1334368205,2459441.152150062
2021-08-15,2021-08-15,2459441.755421787,2459441.7364216396,2459441.7177478904,2459442.114699974,2459442.133702556,2459442.152377799
2021-08-16,2021-08-16,2459442.754830145,2459442.7358758855,2459442.7172405114,2459443.1150080073,2459443.133964126,2459443.1526017794
2021-08-17,2021-08-17,2459443.7542334558,2459443.735321654,2459443.7167242826,2459444.115311337,2459444.134221491,2459444.1528219962
2021-08-18,2021-08-18,2459444.7536289548,2459444.7347600576,2459444.7161994777,2459445.11560991,2459445.1344746347,2459445.153038466
2021-08-19,2021-08-19,2459445.753016991,2459445.73419302,2459445.715666386,2459446.115903698,2459446.1347235655,2459446.1532512284
2021-08-20,2021-08-20,2459446.7523979233,2459446.7336183996,2459446.7151253065,2459447.116192699,2459447.134968314,2459447.1534603434
2021-08-21,2021-08-21,2459447.751772116,2459447.733036528,2459447.7145773284,2459448.1164769293,2459448.13520893,2459448.153665888
2021-08-22,2021-08-22,2459448.751139935,2459448.7324477388,2459448.7140234453,2459449.1167564234,2459449.135445477,2459449.1538679535
2021-08-23,2021-08-23,2459449.7505017454,2459449.7318523675,2459449.7134624436,2459450.117031226,2459450.135678029,2459450.154066638
2021-08-24,2021-08-24,2459450.7498579114,2459450.7312507485,2459450.712894632,2459451.1173013896,2459451.1359066656,2459451.1542620463
2021-08-25,2021-08-25,2459451.7492087935,2459451.730643213,2459451.7123203157,2459452.1175662307,2459452.1361314673,2459452.154454282
2021-08-26,2021-08-26,2459452.7485547494,2459452.730030089,2459452.7117397985,2459453.1178256944,2459453.136352514,2459453.154643447
2021-08-27,2021-08-27,2459453.7478986806,2459453.7294117026,2459453.711153381,2459454.1180807888,2459454.1365698846,2459454.1548296427
2021-08-28,2021-08-28,2459454.7472396838,2459454.7287883745,2459454.7105613607,2459455.1183315683,2459455.136783658,2459455.1550129675
2021-08-29,2021-08-29,2459455.746576681,2459455.7281605415,2459455.709964033,2459456.118578087,2459456.1369939116,2459456.15519352
2021-08-30,2021-08-30,2459456.74591001,2459456.7275309097,2459456.7093616924,2459457.1188204,2459457.137200723,2459457.155371396
2021-08-31,2021-08-31,2459457.745240005,2459457.7268971815,2459457.70875463,2459458.1190585634,2459458.1374041704,2459458.1555466927
2021-09-01,2021-09-01,2459458.7445669984,2459458.7262596637,2459458.7081431346,2459459.1192926364,2459459.1376042543,2459459.155719506
2021-09-02,2021-09-02,2459459.743891317,2459459.7256186604,2459459.7075289786,2459460.1195226763,2459460.137800481,2459460.15588993
2021-09-03,2021-09-03,2459460.7432132834,2459460.7249744725,2459460.706911127,2459461.1197487423,2459461.137993637,2459461.1560580586
2021-09-04,2021-09-04,2459461.7425332167,2459461.7243273966,2459461.706289598,2459462.1199708926,2459462.138183796,2459462.1562239807
2021-09-05,2021-09-05,2459462.7418514285,2459462.7236777237,2459462.705664663,2459463.1201891834,2459463.138371031,2459463.1563877845
2021-09-06,2021-09-06,2459463.741170138,2459463.7230257406,2459463.7050365917,2459464.120403672,2459464.1385554117,2459464.156549555
2021-09-07,2021-09-07,2459464.74048865,2459464.722371726,2459464.704405647,2459465.120614414,2459465.138737007,2459465.1567093744
2021-09-08,2021-09-08,2459465.739806188,2459465.721715956,2459465.7037720885,2459466.120821469,2459466.1389158894,2459466.156867327
2021-09-09,2021-09-09,2459466.7391230427,2459466.721059886,2459466.7031361773,2459467.121024901,2459467.139092134,2459467.157023501
2021-09-10,2021-09-10,2459467.738439506,2459467.7204031884,2459467.7024981757,2459468.1212247848,2459468.139265824,2459468.1571779912
2021-09-11,2021-09-11,2459468.7377558746,2459468.719745448,2459468.7018583547,2459469.1214212044,2459469.139437055,2459469.157330903
2021-09-12,2021-09-12,2459469.737072455,2459469.7190869553,2459469.701217207,2459470.1216142606,2459470.1396059357,2459470.1574823544
2021-09-13,2021-09-13,2459470.7363895644,2459470.7184280152,2459470.700575624,2459471.1218040716,2459471.1397725902,2459471.1576324794
2021-09-14,2021-09-14,2459471.7357075308,2459471.717768942,2459471.699932991,2459472.121990774,2459472.139937163,2459472.1577813383
2021-09-15,2021-09-15,2459472.7350266925,2459472.717110064,2459472.699289626,2459473.122174524,2459473.1400998156,2459473.1579290917
2021-09-16,2021-09-16,2459473.7343489416,2459473.7164517166,2459473.698645855,2459474.1223554956,2459474.140260726,2459474.1580760563
2021-09-17,2021-09-17,2459474.733673303,2459474.7157942434,2459474.6980020134,2459475.1225338806,2459475.1404200904,2459475.158222432
2021-09-18,2021-09-18,2459475.7329997607,2459475.7151379916,2459475.697358441,2459476.122709883,2459476.140578114,2459476.1583684282
2021-09-19,2021-09-19,2459476.732328671,2459476.7144837542,2459476.696715482,2459477.122883717,2459477.1407350134,2459477.1585142654
2021-09-20,2021-09-20,2459477.731660389,2459477.713831933,2459477.6960734786,2459478.1230556048,2459478.1408910113,2459478.158660168
2021-09-21,2021-09-21,2459478.730995268,2459478.713182254,2459478.6954327757,2459479.1232257714,2459479.141046333,2459479.158806363
2021-09-22,2021-09-22,2459479.7303336593,2459479.7125350633,2459479.694793714,2459480.1233944427,2459480.141201204,2459480.1589530776
2021-09-23,2021-09-23,2459480.7296759086,2459480.711890702,2459480.6941568805,2459481.1235618414,2459481.1413558456,2459481.159100533
2021-09-24,2021-09-24,2459481.729022356,2459481.71124951,2459481.693522352,2459482.123728187,2459482.141510475,2459482.159248947
2021-09-25,2021-09-25,2459482.728373339,2459482.7106118198,2459482.692890361,2459483.123893693,2459483.1416653045,2459483.1593985315
2021-09-26,2021-09-26,2459483.7277298416,2459483.7099779607,2459483.6922612363,2459484.1240585693,2459484.14182054,2459484.15954949
2021-09-27,2021-09-27,2459484.7270916793,2459484.709348256,2459484.6916353013,2459485.1242229417,2459485.141976383,2459485.159702023
2021-09-28,2021-09-28,2459485.7264588894,2459485.7087230254,2459485.6910128756,2459486.1243869876,2459486.1421330287,2459486.159856323
2021-09-29,2021-09-29,2459486.7258317866,2459486.7081025834,2459486.6903942763,2459487.124551041,2459487.142290667,2459487.1600125777
2021-09-30,2021-09-30,2459487.7252106806,2459487.707487431,2459487.6897798143,2459488.1247152905,2459488.142449483,2459488.1601709668
2021-10-01,2021-10-01,2459488.724595873,2459488.70687759,2459488.6891697966,2459489.1248799176,2459489.142609652,2459489.1603316627
2021-10-02,2021-10-02,2459489.72398766,2459489.70627334,2459489.688564524,2459490.1250450974,2459490.1427713437,2459490.160494829
2021-10-03,2021-10-03,2459490.723386327,2459490.7056749705,2459490.6879642894,2459491.1252109963,2459491.1429347172,2459491.1606606194
2021-10-04,2021-10-04,2459491.722792149,2459491.7050827635,2459491.6873690444,2459492.125377769,2459492.1430999218,2459492.1608291757
2021-10-05,2021-10-05,2459492.7222053916,2459492.7044969895,2459492.686779281,2459493.1255455627,2459493.1432670937,2459493.1610006276
2021-10-06,2021-10-06,2459493.7216263055,2459493.703917908,2459493.6861952897,2459494.125714512,2459494.14343636,2459494.1611750936
2021-10-07,2021-10-07,2459494.721055189,2459494.7033457686,2459494.685617328,2459495.125884744,2459495.1436078385,2459495.1613526815
2021-10-08,2021-10-08,2459495.7204921492,2459495.7027808144,2459495.685045648,2459496.1260563815,2459496.143781641,2459496.161533495
2021-10-09,2021-10-09,2459496.7199373865,2459496.702223285,2459496.6844805004,2459497.126229548,2459497.1439578794,2459497.161717634
2021-10-10,2021-10-10,2459497.7193911374,2459497.701673426,2459497.6839221413,2459498.1264043716,2459498.1441366705,2459498.1619052063
2021-10-11,2021-10-11,2459498.718853647,2459498.701131324,2459498.6833708347,2459499.126580991,2459499.14431816,2459499.1620963234
2021-10-12,2021-10-12,2459499.718325166,2459499.700597093,2459499.6828268543,2459500.1267595566,2459500.1445026197,2459500.162291111
2021-10-13,2021-10-13,2459500.7178059556,2459500.7000712403,2459500.682290484,2459501.126940232,2459501.14469008,2459501.162489704
2021-10-14,2021-10-14,2459501.7172962804,2459501.6995540457,2459501.6817620154,2459502.127123192,2459502.144880701,2459502.162692248
2021-10-15,2021-10-15,2459502.716796411,2459502.6990457955,2459502.681241746,2459503.127308623,2459503.1450746534,2459503.1628988986
2021-10-16,2021-10-16,2459503.7163066207,2459503.6985467775,2459503.680729136,2459504.1274967175,2459504.1452721134,2459504.1631098157
2021-10-17,2021-10-17,2459504.71582718,2459504.6980572813,2459504.68022521,2459505.1276876726,2459505.145473262,2459505.1633251626
2021-10-18,2021-10-18,2459505.7153583593,2459505.697577595,2459505.6797303306,2459506.1278816885,2459506.14567828,2459506.163545103
2021-10-19,2021-10-19,2459506.7149004256,2459506.6971080033,2459506.679244802,2459507.128078962,2459507.1458873474,2459507.1637697974
2021-10-20,2021-10-20,2459507.714453296,2459507.6966487886,2459507.6787689235,2459508.128279688,2459508.1461006375,2459508.163999401
2021-10-21,2021-10-21,2459508.7140173805,2459508.696200227,2459508.678302992,2459509.128484053,2459509.1463183197,2459509.1642340617
2021-10-22,2021-10-22,2459509.713593074,2459509.695762589,2459509.6778472997,2459510.128692238,2459510.146540553,2459510.164474023
2021-10-23,2021-10-23,2459510.7131806244,2459510.69533614,2459510.6774021313,2459511.1289044153,2459511.1467674873,2459511.164719808
2021-10-24,2021-10-24,2459511.712780271,2459511.694921138,2459511.676967768,2459512.1291207466,2459512.1469992623,2459512.1649710843
2021-10-25,2021-10-25,2459512.7123922464,2459512.694517609,2459512.6765444838,2459513.1293413844,2459513.1472360073,2459513.165227958
2021-10-26,2021-10-26,2459513.7120167743,2459513.694125434,2459513.6761325453,2459514.129566469,2459514.1474778387,2459514.1654905216
2021-10-27,2021-10-27,2459514.7116540684,2459514.69374541,2459514.6757322126,2459515.1297961306,2459515.147724861,2459515.1657588533
2021-10-28,2021-10-28,2459515.7113043335,2459515.693377768,2459515.675343737,2459516.1300304863,2459516.1479771654,2459516.1660330193
2021-10-29,2021-10-29,2459516.710967764,2459516.693022728,2459516.6749673616,2459517.1302696406,2459517.14823483,2459517.166313069
2021-10-30,2021-10-30,2459517.7106445413,2459517.6926804995,2459517.674603319,2459518.130513684,2459518.1484979163,2459518.166599036
2021-10-31,2021-10-31,2459518.710334835,2459518.69235128,2459518.674251085,2459519.13076269,2459519.1487664697,2459519.1668909364
2021-11-01,2021-11-01,2459519.7100387993,2459519.6920352518,2459519.67391129,2459520.131017011,2459520.149040517,2459520.1671887655
2021-11-02,2021-11-02,2459520.7097565695,2459520.691732581,2459520.6735844463,2459521.1312766443,2459521.149320062,2459521.167492496
2021-11-03,2021-11-03,2459521.7094882615,2459521.6914434126,2459521.6732707312,2459522.131541383,2459522.1496050856,2459522.167802076
2021-11-04,2021-11-04,2459522.709233967,2459522.691167872,2459522.672970301,2459523.131811218,2459523.1498955465,2459523.1681174305
2021-11-05,2021-11-05,2459523.7089937595,2459523.6909060623,2459523.672683292,2459524.1320861178,2459524.150191381,2459524.168438461
2021-11-06,2021-11-06,2459524.708767694,2459524.690658072,2459524.6724098264,2459525.1323660356,2459525.1504925094,2459525.168765053
2021-11-07,2021-11-07,2459525.7085558167,2459525.6904239813,2459525.672150017,2459526.1326509165,2459526.150798842,2459526.16909708
2021-11-08,2021-11-08,2459526.7083581714,2459526.690203867,2459526.6719039767,2459527.132940701,2459527.1511105974,2459527.1694344115
2021-11-09,2021-11-09,2459527.7081748024,2459527.689997808,2459527.6716718194,2459528.133235335,2459528.1514280364,2459528.16977692
2021-11-10,2021-11-10,2459528.708005638,2459528.6898058886,2459528.671453664,2459529.1335347686,2459529.1517504556,2459529.170124483
2021-11-11,2021-11-11,2459529.7078505727,2459529.6896281946,2459529.6712496346,2459530.1338389595,2459530.152077776,2459530.1704769824
2021-11-12,2021-11-12,2459530.7077099592,2459530.6894648136,2459530.671059855,2459531.134147868,2459531.15240992,2459531.1708343043
2021-11-13,2021-11-13,2459531.707583849,2459531.689315831,2459531.670884447,2459532.1344614555,2459532.1527468115,2459532.1711965585
2021-11-14,2021-11-14,2459532.7074722876,2459532.689181327,2459532.6707235286,2459533.1347796796,2459533.1530883694,2459533.171564684
2021-11-15,2021-11-15,2459533.707375315,2459533.689061374,2459533.670577211,2459534.1351024946,2459534.15343451,2459534.171937326
2021-11-16,2021-11-16,2459534.7072929638,2459534.6889560404,2459534.670445598,2459535.135429848,2459535.1537851417,2459535.1723143533
2021-11-17,2021-11-17,2459535.7072252575,2459535.688865384,2459535.6703287875,2459536.1357616787,2459536.1541401646,2459536.172695624
2021-11-18,2021-11-18,2459536.7071722094,2459536.688789454,2459536.6702268664,2459537.136097914,2459537.1544994675,2459537.1730809864
2021-11-19,2021-11-19,2459537.707133821,2459537.688728287,2459537.6701399097,2459538.1364384713,2459538.1548629277,2459538.1734702764
2021-11-20,2021-11-20,2459538.7071100837,2459538.6886819093,2459538.6700679827,2459539.136783254,2459539.1552304095,2459539.1738633164
2021-11-21,2021-11-21,2459539.7071009753,2459539.6886503357,2459539.6700111385,2459540.137132152,2459540.155601764,2459540.174259916
2021-11-22,2021-11-22,2459540.7071064613,2459540.6886335667,2459540.6699694186,2459541.1374850413,2459541.1559768263,2459541.174659869
2021-11-23,2021-11-23,2459541.707126492,2459541.688631591,2459541.6699428484,2459542.137842574,2459542.1563554173,2459542.1750629544
2021-11-24,2021-11-24,2459542.707161005,2459542.688644381,2459542.669931441,2459543.1382041294,2459543.1567373415,2459543.1754689356
2021-11-25,2021-11-25,2459543.707209921,2459543.6886718944,2459543.6699351943,2459544.13856923,2459544.1571223885,2459544.17587756
2021-11-26,2021-11-26,2459544.7072731466,2459544.6887140744,2459544.66995409,2459545.1389376866,2459545.1575103304,2459545.1762885596
2021-11-27,2021-11-27,2459545.7073505707,2459545.688770847,2459545.6699880925,2459546.1393092894,2459546.157901636,2459546.1767016486
2021-11-28,2021-11-28,2459546.7074420634,2459546.6888421183,2459546.670037148,2459547.1396838105,2459547.1582961567,2459547.177116523
2021-11-29,2021-11-29,2459547.707547474,2459547.688927774,2459547.670101181,2459548.1400610013,2459548.1586927986,2459548.177532859
2021-11-30,2021-11-30,2459548.707666631,2459548.689027678,2459548.6701800944,2459549.14044059,2459549.1590912538,2459549.1779507967
2021-12-01,2021-12-01,2459549.707799335,2459549.6891416684,2459549.6702737617,2459550.140822281,2459550.159491189,2459550.1783710727
2021-12-02,2021-12-02,2459550.707945358,2459550.689269551,2459550.670382028,2459551.1412057504,2459551.1598922443,2459551.178791717
2021-12-03,2021-12-03,2459551.7081042733,2459551.6894111005,2459551.6705047046,2459552.141590646,2459552.160294034,2459552.1792123085
2021-12-04,2021-12-04,2459552.7082755542,2459552.6895660628,2459552.6706415713,2459553.141976592,2459553.1606961484,2459553.1796324016
2021-12-05,2021-12-05,2459553.7084592455,2459553.6897341595,2459553.670792385,2459554.1423631953,2459554.1610981626,2459554.180051537
2021-12-06,2021-12-06,2459554.708655022,2459554.689915098,2459554.6709568864,2459555.142750052,2459555.1614996414,2459555.180469249
2021-12-07,2021-12-07,2459555.7088625547,2459555.6901085787,2459555.671134808,2459556.143136759,2459556.161900153,2459556.1808850733
2021-12-08,2021-12-08,2459556.709081516,2459556.690314303,2459556.671325883,2459557.14352292,2459557.162299274,2459557.181298558
2021-12-09,2021-12-09,2459557.7093115826,2459557.690531976,2459557.6715298444,2459558.1439081505,2459558.1626965934,2459558.181709266
2021-12-10,2021-12-10,2459558.7095524357,2459558.690761304,2459558.6717464277,2459559.1442920747,2459559.1630917117,2459559.1821167725
2021-12-11,2021-12-11,2459559.709803757,2459559.691001994,2459559.671975365,2459560.1446756297,2459560.1634842413,2459560.182520667
2021-12-12,2021-12-12,2459560.7100652293,2459560.6912537506,2459560.672216385,2459561.1450571506,2459561.163873801,2459561.182920548
2021-12-13,2021-12-13,2459561.7103365334,2459561.691516275,2459561.672469212,2459562.145436267,2459562.1642600154,2459562.183316022
2021-12-14,2021-12-14,2459562.710617348,2459562.6917892653,2459562.672733564,2459563.1458126204,2459563.1646434222,2459563.183706702
2021-12-15,2021-12-15,2459563.710907348,2459563.6920724125,2459563.6730091497,2459564.1461858544,2459564.1650234456,2459564.184092206
2021-12-16,2021-12-16,2459564.7112062043,2459564.692365403,2459564.673295673,2459565.1465556133,2459565.1653989917,2459565.1844721558
2021-12-17,2021-12-17,2459565.711513585,2459565.692667918,2459565.673592829,2459566.1469215406,2459566.165769694,2459566.1848476795
2021-12-18,2021-12-18,2459566.711829154,2459566.6929796333,2459566.6739003067,2459567.1472832807,2459567.1661351877,2459567.1852173493
2021-12-19,2021-12-19,2459567.7121525737,2459567.69330022,2459567.6742177866,2459568.1476404783,2459568.1664951122,2459568.1855803104
2021-12-20,2021-12-20,2459568.7124835025,2459568.6936293445,2459568.6745446874,2459569.147992778,2459569.166849108,2459569.185936198
2021-12-21,2021-12-21,2459569.712821596,2459569.6939666667,2459569.6748793917,2459570.148339824,2459570.1671968154,2459570.186284652
2021-12-22,2021-12-22,2459570.713166505,2459570.694311843,2459570.675223038,2459571.1486812583,2459571.167537878,2459571.1866253153
2021-12-23,2021-12-23,2459571.71351788,2459571.69466438,2459571.675575282,2459572.149016725,2459572.16787194,2459572.1869578348
2021-12-24,2021-12-24,2459572.7138753673,2459572.6950226612,2459572.6759357727,2459573.149345866,2459573.168198647,2459573.1872818596
2021-12-25,2021-12-25,2459573.7142386073,2459573.695387693,2459573.6763041504,2459574.149668321,2459574.168517645,2459574.187597043
2021-12-26,2021-12-26,2459574.7146072374,2459574.6957591106,2459574.676680046,2459575.149983729,2459575.1688285796,2459575.187903038
2021-12-27,2021-12-27,2459575.7149801357,2459575.696136539,2459575.6770630805,2459576.150291725,2459576.169131096,2459576.1881995015
2021-12-28,2021-12-28,2459576.715357104,2459576.696519594,2459576.677452862,2459577.1505919406,2459577.1694248375,2459577.188486088
2021-12-29,2021-12-29,2459577.7157383035,2459577.6969078793,2459577.6778489826,2459578.1508840015,2459578.1697094426,2459578.188762453
2021-12-30,2021-12-30,2459578.7161233355,2459578.6973009836,2459578.678251019,2459579.1511680796,2459579.169984546,2459579.1890282463
2021-12-31,2021-12-31,2459579.716511785,2459579.6976984767,2459579.6786585273,2459580.151443614,2459580.170249775,2459580.1892831153
2022-01-01,2022-01-01,2459580.7169032204,2459580.698099911,2459580.6790710418,2459581.1517097787,2459581.1705047493,2459581.189526701
2022-01-02,2022-01-02,2459581.7172971996,2459581.6985048256,2459581.679488081,2459582.151966167,2459582.1707490864,2459582.189758644
2022-01-03,2022-01-03,2459582.7176932744,2459582.6989127495,2459582.6799091543,2459583.1522123753,2459583.1709824055,2459583.1899785884
2022-01-04,2022-01-04,2459583.7180910003,2459583.6993232174,2459583.6803337713,2459584.1524480092,2459584.171204603,2459584.1901861927
2022-01-05,2022-01-05,2459584.718489947,2459584.699735774,2459584.680761451,2459585.1526726945,2459585.171415668,2459585.190381138
2022-01-06,2022-01-06,2459585.718889704,2459585.700149982,2459585.681191728,2459586.152886081,2459586.1716146166,2459586.190563133
2022-01-07,2022-01-07,2459586.719289883,2459586.7005654243,2459586.681622038,2459587.1530878493,2459587.1718011578,2459587.1907319184
2022-01-08,2022-01-08,2459587.71969012,2459587.700981708,2459587.6820539883,2459588.1532777054,2459588.171975029,2459588.190887265
2022-01-09,2022-01-09,2459588.7200900707,2459588.7013982288,2459588.6824872578,2459589.153455383,2459589.172135996,2459589.191028972
2022-01-10,2022-01-10,2459589.7204894116,2459589.7018133984,2459589.68292146,2459590.1536206384,2459590.1722838487,2459590.191156864
2022-01-11,2022-01-11,2459590.7208878365,2459590.702228346,2459590.683356222,2459591.1537732473,2459591.172418397,2459591.1912707873
2022-01-12,2022-01-12,2459591.721285057,2459591.7026427505,2459591.683791187,2459592.1539130053,2459592.1725394716,2459592.191371073
2022-01-13,2022-01-13,2459592.7216801387,2459592.7030563056,2459592.684226012,2459593.1540397266,2459593.172646923,2459593.191457087
2022-01-14,2022-01-14,2459593.7220728793,2459593.7034687204,2459593.6846603663,2459594.1541532422,2459594.172740619,2459594.191528715
2022-01-15,2022-01-15,2459594.7224636604,2459594.7038797187,2459594.6850939346,2459595.1542534,2459595.1728204438,2459595.191585881
2022-01-16,2022-01-16,2459595.7228522594,2459595.7042890387,2459595.6855264157,2459596.154340063,2459596.1728863,2459596.1916285264
2022-01-17,2022-01-17,2459596.7232384686,2459596.704696435,2459596.6859575226,2459597.1544131115,2459597.1729381043,2459597.191656608
2022-01-18,2022-01-18,2459597.723622097,2459597.7051016768,2459597.686386983,2459598.15447244,2459598.1729757898,2459598.1916700997
2022-01-19,2022-01-19,2459598.7240029685,2459598.7055045483,2459598.6868145396,2459599.154517958,2459599.1729993047,2459599.191668989
2022-01-20,2022-01-20,2459599.7243809216,2459599.7059048493,2459599.6872399505,2459600.154549586,2459600.173008608,2459600.1916532763
2022-01-21,2022-01-21,2459600.724755808,2459600.7063023895,2459600.687662983,2459601.1545672575,2459601.1730036717,2459601.191622973
2022-01-22,2022-01-22,2459601.725127488,2459601.7066969913,2459601.6880826904,2459602.1545709143,2459602.1729844767,2459602.191578101
2022-01-23,2022-01-23,2459602.7254958344,2459602.7070884863,2459602.6884984854,2459603.154560508,2459603.1729510133,2459603.1915186895
2022-01-24,2022-01-24,2459603.7258607266,2459603.7074767123,2459603.6889113113,2459604.154535998,2459604.1729032784,2459604.1914447774
2022-01-25,2022-01-25,2459604.7262220476,2459604.7078615134,2459604.689320972,2459605.154497348,2459605.1728412756,2459605.1913564075
2022-01-26,2022-01-26,2459605.7265796843,2459605.70824209,2459605.6897272733,2459606.1544445255,2459606.172765011,2459606.1912537157
2022-01-27,2022-01-27,2459606.726933521,2459606.7086183084,2459606.6901300196,2459607.1543775015,2459607.172674494,2459607.191137048
2022-01-28,2022-01-28,2459607.7272834387,2459607.7089906745,2459607.6905290107,2459608.1542962454,2459608.1725697326,2459608.1910061105
2022-01-29,2022-01-29,2459608.727629313,2459608.7093590256,2459608.690924042,2459609.154200725,2459609.1724507334,2459609.1908609467
2022-01-30,2022-01-30,2459609.727971014,2459609.709723194,2459609.691314904,2459610.1540909065,2459610.172317501,2459610.190701598
2022-01-31,2022-01-31,2459610.7283081003,2459610.7100830097,2459610.6917013847,2459611.1539667575,2459611.172170041,2459611.190528106
2022-02-01,2022-02-01,2459611.7286402276,2459611.710438308,2459611.692083278,2459612.153828252,2459612.172008365,2459612.190340517
2022-02-02,2022-02-02,2459612.728967847,2459612.7107889354,2459612.6924603907,2459613.1536753764,2459613.171832495,2459613.1901388895
2022-02-03,2022-02-03,2459613.72929086,2459613.7111347555,2459613.6928325454,2459614.1535081337,2459614.1716424725,2459614.189923298
2022-02-04,2022-02-04,2459614.7296091905,2459614.7114756536,2459614.693199588,2459615.1533265505,2459615.1714383597,2459615.189693839
2022-02-05,2022-02-05,2459615.7299227845,2459615.711811539,2459615.693561389,2459616.1531306775,2459616.1712202425,2459616.1894506305
2022-02-06,2022-02-06,2459616.73023161,2459616.712142343,2459616.693917842,2459617.1529205875,2459617.1709886435,2459617.1891938127
2022-02-07,2022-02-07,2459617.7305356585,2459617.7124680215,2459617.694268865,2459618.152696375,2459618.1707435064,2459618.1889235456
2022-02-08,2022-02-08,2459618.7308349386,2459618.7127885483,2459618.694614397,2459619.1524581523,2459619.170484754,2459619.188640006
2022-02-09,2022-02-09,2459619.7311294777,2459619.713103917,2459619.6949533527,2459620.152206049,2459620.1702125436,2459620.188343384
2022-02-10,2022-02-10,2459620.731419321,2459620.7134141386,2459620.69528676,2459621.151940208,2459621.1699270485,2459621.1880338844
2022-02-11,2022-02-11,2459621.7317045275,2459621.713719241,2459621.695614668,2459622.151660789,2459622.169628453,2459622.187711724
2022-02-12,2022-02-12,2459622.7319851704,2459622.714019266,2459622.6959370873,2459623.151367961,2459623.169316955,2459623.1873771306
2022-02-13,2022-02-13,2459623.732261339,2459623.714314272,2459623.6962540457,2459624.151061908,2459624.168992763,2459624.1870303424
2022-02-14,2022-02-14,2459624.7325331355,2459624.7146043326,2459624.6965655857,2459625.150743266,2459625.1686560963,2459625.1866716077
2022-02-15,2022-02-15,2459625.732800675,2459625.7148892684,2459625.6968717654,2459626.150411875,2459626.1683071842,2459626.186301183
2022-02-16,2022-02-16,2459626.7330640866,2459626.715169141,2459626.6971726594,2459627.1500678496,2459627.167946265,2459627.185919334
2022-02-17,2022-02-17,2459627.733323512,2459627.715444421,2459627.697468355,2459628.1497114105,2459628.1675735847,2459628.185526333
2022-02-18,2022-02-18,2459628.733579104,2459628.715715235,2459628.6977589536,2459629.149342785,2459629.167189397,2459629.1851224573
2022-02-19,2022-02-19,2459629.7338310233,2459629.715981721,2459629.6980445674,2459630.1489622067,2459630.1667939587,2459630.1847079895
2022-02-20,2022-02-20,2459630.7340794387,2459630.7162440224,2459630.698325317,2459631.148569913,2459631.1663875314,2459631.1842838377
2022-02-21,2022-02-21,2459631.7343245205,2459631.7165022865,2459631.6986013264,2459632.1481661433,2459632.1659703767,2459632.1838499526
2022-02-22,2022-02-22,2459632.734566438,2459632.7167566624,2459632.6988727218,2459633.1477511385,2459633.1655427585,2459633.1834062827
2022-02-23,2022-02-23,2459633.734805357,2459633.7170072934,2459633.699139626,2459634.147325137,2459634.1651049363,2459634.1829531062
2022-02-24,2022-02-24,2459634.7350413073,2459634.717254318,2459634.699402157,2459635.1468883767,2459635.1646571676,2459635.1824906967
2022-02-25,2022-02-25,2459635.7352745156,2459635.7174978647,2459635.6996604246,2459636.1464410895,2459636.164199992,2459636.1820193226
2022-02-26,2022-02-26,2459636.735505213,2459636.717738053,2459636.6999145285,2459637.145983503,2459637.163733611,2459637.181539245
2022-02-27,2022-02-27,2459637.7357335277,2459637.717974992,2459637.7001645598,2459638.14551584,2459638.1632579593,2459638.181050718
2022-02-28,2022-02-28,2459638.7359595774,2459638.718208782,2459638.700410602,2459639.1450383165,2459639.162773267,2459639.1805539895
2022-03-01,2022-03-01,2459639.7361834734,2459639.7184395175,2459639.700652734,2459640.1445511472,2459640.1622797605,2459640.1800493016
2022-03-02,2022-03-02,2459640.7364053247,2459640.7186672906,2459640.7008910323,2459641.1440546154,2459641.161777667,2459641.1795368968
2022-03-03,2022-03-03,2459641.736625241,2459641.7188921976,2459641.701125578,2459642.143548881,2459642.1612672145,2459642.1790170176
2022-03-04,2022-03-04,2459642.7368433387,2459642.7191143376,2459642.7013564417,2459643.143034072,2459643.1607486405,2459643.1784899156
2022-03-05,2022-03-05,2459643.7370597403,2459643.719333822,2459643.7015835126,2459644.142510424,2459644.1602221937,2459644.1779558505
2022-03-06,2022-03-06,2459644.7372745797,2459644.7195507707,2459644.70180717,2459645.1419781833,2459645.1596881323,2459645.177415493
2022-03-07,2022-03-07,2459645.7374880016,2459645.719765316,2459645.7020275355,2459646.14143761,2459646.1591467285,2459646.1768687437
2022-03-08,2022-03-08,2459646.737700159,2459646.719977601,2459646.7022447404,2459647.140888977,2459647.158598263,2459647.1763157872
2022-03-09,2022-03-09,2459647.7379112155,2459647.7201877777,2459647.702458928,2459648.1403325647,2459648.1580430265,2459648.1757569215
2022-03-10,2022-03-10,2459648.7381213414,2459648.7203960083,2459648.702670251,2459649.139768665,2459649.157481313,2459649.17519245
2022-03-11,2022-03-11,2459649.738330716,2459649.720602462,2459649.7028788715,2459650.1391975777,2459650.1569133555,2459650.174622684
2022-03-12,2022-03-12,2459650.7385395225,2459650.720807316,2459650.7030849596,2459651.138619609,2459651.156339442,2459651.174047939
2022-03-13,2022-03-13,2459651.7387479525,2459651.721010753,2459651.7032886916,2459652.1380350725,2459652.1557598882,2459652.1734685367
2022-03-14,2022-03-14,2459652.7389562014,2459652.7212129636,2459652.7034902535,2459653.1374441385,2459653.1551750167,2459653.1728848023
2022-03-15,2022-03-15,2459653.7391644735,2459653.721414145,2459653.703689838,2459654.1368467202,2459654.154585156,2459654.1722970693
2022-03-16,2022-03-16,2459654.739372979,2459654.7216145927,2459654.703887647,2459655.136243587,2459655.1539906403,2459655.1717056734
2022-03-17,2022-03-17,2459655.7395819365,2459655.721814507,2459655.704083892,2459656.135635077,2459656.15339181,2459656.17111095
2022-03-18,2022-03-18,2459656.73979157,2459656.722014077,2459656.704278792,2459657.135021533,2459657.1527890083,2459657.1705130646
2022-03-19,2022-03-19,2459657.740002111,2459657.7222135304,2459657.7044725725,2459658.1344033023,2459658.152182582,2459658.1699124426
2022-03-20,2022-03-20,2459658.7402137914,2459658.7224130984,2459658.704665464,2459659.133780733,2459659.1515728785,2459659.1693094308
2022-03-21,2022-03-21,2459659.7404268426,2459659.722613012,2459659.7048576963,2459660.133154176,2459660.1509601874,2459660.1687043738
2022-03-22,2022-03-22,2459660.74064149,2459660.7228134964,2459660.7050494943,2459661.1325239786,2459661.150344131,2459661.1680976143
2022-03-23,2022-03-23,2459661.7408579476,2459661.7230147664,2459661.705241074,2459662.131890485,2459662.14972571,2459662.167489489
2022-03-24,2022-03-24,2459662.741076414,2459662.723217023,2459662.7054326376,2459663.1312540364,2459663.149105259,2459663.1668803287
2022-03-25,2022-03-25,2459663.741297072,2459663.723420451,2459663.7056243736,2459664.13061431,2459664.148483106,2459664.166270456
2022-03-26,2022-03-26,2459664.741520085,2459664.723625219,2459664.7058164524,2459665.1299712122,2459665.147859571,2459665.165660185
2022-03-27,2022-03-27,2459665.74174598,2459665.723831478,2459665.7060090294,2459666.12932599,2459666.147234965,2459666.165049819
2022-03-28,2022-03-28,2459666.7419748195,2459666.724039363,2459666.7062022453,2459667.1286789556,2459667.1466095904,2459667.164439652
2022-03-29,2022-03-29,2459667.7422064757,2459667.7242489955,2459667.7063962272,2459668.1280304124,2459668.145983741,2459668.163829063
2022-03-30,2022-03-30,2459668.7424410526,2459668.7244604845,2459668.70659109,2459669.12738066,2459669.145357705,2459669.1632191143
2022-03-31,2022-03-31,2459669.742678644,2459669.724673931,2459669.7067869436,2459670.1267299955,2459670.144731767,2459670.1626100955
2022-04-01,2022-04-01,2459670.742919337,2459670.724889429,2459670.7069838895,2459671.126078715,2459671.144105715,2459671.1620022804
2022-04-02,2022-04-02,2459671.7431632127,2459671.725107068,2459671.707182027,2459672.125427119,2459672.143479107,2459672.1613959414
2022-04-03,2022-04-03,2459672.743410348,2459672.7253269358,2459672.707381453,2459673.124775509,2459673.1428533318,2459673.160791355
2022-04-04,2022-04-04,2459673.7436608197,2459673.725549119,2459673.7075822656,2459674.1241240427,2459674.142228684,2459674.160188801
2022-04-05,2022-04-05,2459674.743914703,2459674.7257737042,2459674.707784564,2459675.123470595,2459675.141605462,2459675.159588563
2022-04-06,2022-04-06,2459675.7441720716,2459675.726000779,2459675.707988447,2459676.1228179308,2459676.140983971,2459676.1589909284
2022-04-07,2022-04-07,2459676.7444330007,2459676.726230432,2459676.7081943722,2459677.122166377,2459677.14036452,2459677.15839619
2022-04-08,2022-04-08,2459677.7446975647,2459677.7264627516,2459677.708402294,2459678.1215162682,2459678.1397474213,2459678.157804642
2022-04-09,2022-04-09,2459678.744965835,2459678.726697827,2459678.708612161,2459679.120867941,2459679.139132991,2459679.157215201
2022-04-10,2022-04-10,2459679.745237883,2459679.7269357466,2459679.7088240776,2459680.1202217354,2459680.138521547,2459680.156629223
2022-04-11,2022-04-11,2459680.7455137777,2459680.727176597,2459680.7090381486,2459681.119577997,2459681.1379134115,2459681.1560472436
2022-04-12,2022-04-12,2459681.745793588,2459681.727420466,2459681.7092544823,2459682.118937074,2459682.137307787,2459682.15546957
2022-04-13,2022-04-13,2459682.7460773834,2459682.7276674453,2459682.709473188,2459683.1182993203,2459683.13670471,2459683.1548965117
2022-04-14,2022-04-14,2459683.7463652357,2459683.727917627,2459683.70969438,2459684.117665093,2459684.1361058275,2459684.1543283826
2022-04-15,2022-04-15,2459684.7466572192,2459684.7281711083,2459684.7099181754,2459685.1170323,2459685.1355114793,2459685.153765498
2022-04-16,2022-04-16,2459685.746953412,2459685.7284290995,2459685.710144697,2459686.1164023886,2459686.134922006,2459686.1532081757
2022-04-17,2022-04-17,2459686.7472538906,2459686.728690747,2459686.7103740713,2459687.1157769756,2459687.134337751,2459687.1526567335
2022-04-18,2022-04-18,2459687.7475587316,2459687.7289560777,2459687.71060642,2459688.115156431,2459688.133759055,2459688.152111489
2022-04-19,2022-04-19,2459688.747867999,2459688.7292251843,2459688.7108418616,2459689.114541123,2459689.133186257,2459689.1515727537
2022-04-20,2022-04-20,2459689.7481817445,2459689.7294981456,2459689.7110804995,2459690.1139314165,2459690.1326196915,2459690.151040837
2022-04-21,2022-04-21,2459690.7485012384,2459690.7297750222,2459690.71132242,2459691.1133276704,2459691.1320596873,2459691.150514023
2022-04-22,2022-04-22,2459691.748826328,2459691.7300558495,2459691.711567687,2459692.1127302363,2459692.1315065627,2459692.1499944245
2022-04-23,2022-04-23,2459692.749156031,2459692.73034064,2459692.7118163416,2459693.1121394555,2459693.130960625,2459693.149482462
2022-04-24,2022-04-24,2459693.7494902993,2459693.730629381,2459693.712068402,2459694.1115556573,2459694.1304195924,2459694.148978404
2022-04-25,2022-04-25,2459694.7498290604,2459694.730922037,2459694.712323865,2459695.1109791594,2459695.129885769,2459695.1484825034
2022-04-26,2022-04-26,2459695.7501722183,2459695.7312185504,2459695.7125827055,2459696.110407682,2459696.1293599242,2459696.1479950016
2022-04-27,2022-04-27,2459696.7505196547,2459696.7315188437,2459696.7128448808,2459697.109842166,2459697.1288423203,2459697.1475161253
2022-04-28,2022-04-28,2459697.750871234,2459697.7318228213,2459697.7131103305,2459698.1092847707,2459698.128333207,2459698.1470460915
2022-04-29,2022-04-29,2459698.751226801,2459698.732130372,2459698.7133789803,2459699.1087357793,2459699.127832827,2459699.146585106
2022-04-30,2022-04-30,2459699.751586186,2459699.7324413704,2459699.7136507416,2459700.1081954683,2459700.1273414153,2459700.1461333684
2022-05-01,2022-05-01,2459700.751949205,2459700.7327556787,2459700.7139255153,2459701.10766411,2459701.1268592025,2459701.1456910726
2022-05-02,2022-05-02,2459701.752315664,2459701.733073149,2459701.7142031933,2459702.107141974,2459702.1263864147,2459702.145258408
2022-05-03,2022-05-03,2459702.752685357,2459702.733393623,2459702.714483659,2459703.1066293283,2459703.125923277,2459703.1448355615
2022-05-04,2022-05-04,2459703.7530580675,2459703.7337169363,2459703.714766796,2459704.1061264384,2459704.125470009,2459704.1444227146
2022-05-05,2022-05-05,2459704.7534335726,2459704.734042914,2459704.7150540696,2459705.1056335685,2459705.125026832,2459705.1440184945
2022-05-06,2022-05-06,2459705.7538116416,2459705.734371379,2459705.715343801,2459706.105150983,2459706.1245939634,2459706.1436239234
2022-05-07,2022-05-07,2459706.7541920384,2459706.734702147,2459706.7156358478,2459707.104678944,2459707.124171619,2459707.143239891
2022-05-08,2022-05-08,2459707.754574519,2459707.7350360677,2459707.7159300637,2459708.1042177114,2459708.1237569535,2459708.142866574
2022-05-09,2022-05-09,2459708.7549588354,2459708.735373477,2459708.7162262974,2459709.1037648977,2459709.1233531698,2459709.1425041487
2022-05-10,2022-05-10,2459709.7553479653,2459709.7357126838,2459709.716524396,2459710.103321498,2459710.1229605624,2459710.142152786
2022-05-11,2022-05-11,2459710.7557392917,2459710.736053485,2459710.716824203,2459711.1028897027,2459711.1225793436,2459711.141812656
2022-05-12,2022-05-12,2459711.7561317873,2459711.7363956776,2459711.7171255625,2459712.102469772,2459712.1222097245,2459712.1414839276
2022-05-13,2022-05-13,2459712.7565251924,2459712.7367390604,2459712.7174283215,2459713.102061966,2459713.1218519146,2459713.1411667676
2022-05-14,2022-05-14,2459713.7569192536,2459713.7370834374,2459713.7177323317,2459714.1016665422,2459714.1215061224,2459714.1408613427
2022-05-15,2022-05-15,2459714.7573137223,2459714.737428619,2459714.7180374493,2459715.101283759,2459715.121172556,2459715.1405678177
2022-05-16,2022-05-16,2459715.7577083544,2459715.7377744177,2459715.718343535,2459716.100913869,2459716.120851421,2459716.1402863567
2022-05-17,2022-05-17,2459716.758102902,2459716.7381206444,2459716.7186504463,2459717.1005571247,2459717.120542918,2459717.140017119
2022-05-18,2022-05-18,2459717.7584971087,2459717.7384670996,2459717.718958032,2459718.10021377,2459718.1202472425,2459718.1397602567
2022-05-19,2022-05-19,2459718.7588906987,2459718.738813569,2459718.719266125,2459719.0998840416,2459719.1199645805,2459719.1395159136
2022-05-20,2022-05-20,2459719.759283377,2459719.739159815,2459719.7195745385,2459720.099568164,2459720.119695105,2459720.1392842177
2022-05-21,2022-05-21,2459720.7596748224,2459720.7395055788,2459720.719883061,2459721.099266345,2459721.119438971,2459721.1390652806
2022-05-22,2022-05-22,2459721.7600646904,2459721.7398505756,2459721.720191458,2459722.09897877,2459722.119196311,2459722.1388591905
2022-05-23,2022-05-23,2459722.760452615,2459722.7401944995,2459722.7204994727,2459723.0987056023,2459723.1189672365,2459723.1386660133
2022-05-24,2022-05-24,2459723.7608382106,2459723.7405370236,2459723.720806827,2459724.098446982,2459724.118751834,2459724.138485792
2022-05-25,2022-05-25,2459724.7612210754,2459724.7408778057,2459724.7211132254,2459725.098203026,2459725.1185501697,2459725.138318549
2022-05-26,2022-05-26,2459725.7616007943,2459725.7412164873,2459725.721418358,2459726.097973833,2459726.1183622885,2459726.1381642856
2022-05-27,2022-05-27,2459726.761979956,2459726.741552698,2459726.721723765,2459727.0977594787,2459727.118188217,2459727.1380229853
2022-05-28,2022-05-28,2459727.762356966,2459727.741888783,2459727.722027695,2459728.0975600258,2459728.1180279646,2459728.1378946155
2022-05-29,2022-05-29,2459728.762729505,2459728.742222197,2459728.722329357,2459729.0973755177,2459729.1178815262,2459729.1377791297
2022-05-30,2022-05-30,2459729.763097117,2459729.7425519656,2459729.722628395,2459730.0972045218,2459730.1177488836,2459730.1376764677
2022-05-31,2022-05-31,2459730.7634593425,2459730.742877683,2459730.7229244467,2459731.0970478943,2459731.1176300053,2459731.137586558
2022-06-01,2022-06-01,2459731.763815722,2459731.743198942,2459731.723217147,2459732.0969064436,2459732.1175248483,2459732.1375087267
2022-06-02,2022-06-02,2459732.7641657977,2459732.743515335,2459732.7235061284,2459733.0967801684,2459733.117433191,2459733.1374435457
2022-06-03,2022-06-03,2459733.7645091168,2459733.7438264554,2459733.723791024,2459734.096669055,2459734.1173544964,2459734.137390936
2022-06-04,2022-06-04,2459734.7648452306,2459734.744131901,2459734.724071469,2459735.0965730795,2459735.117289467,2459735.137350789
2022-06-05,2022-06-05,2459735.7651736983,2459735.744431272,2459735.7243471006,2459736.096492206,2459736.117238021,2459736.137322989
2022-06-06,2022-06-06,2459736.7654940872,2459736.744724178,2459736.7246175595,2459737.0964263906,2459737.1172000715,2459737.137307413
2022-06-07,2022-06-07,2459737.7658059783,2459737.7450102363,2459737.724882496,2459738.0963755804,2459738.117175525,2459738.1373039344
2022-06-08,2022-06-08,2459738.7661089646,2459738.745289076,2459738.725141568,2459739.0963397236,2459739.1171642886,2459739.1373124286
2022-06-09,2022-06-09,2459739.766402653,2459739.745560338,2459739.725394446,2459740.096318786,2459740.117166289,2459740.137332791
2022-06-10,2022-06-10,2459740.766686581,2459740.7458236045,2459740.725640749,2459741.096312688,2459741.117181383,2459741.1373648243
2022-06-11,2022-06-11,2459741.7669599107,2459741.746078042,2459741.7258796543,2459742.096320477,2459742.1172086573,2459742.137407659
2022-06-12,2022-06-12,2459742.767223611,2459742.746324577,2459742.726112042,2459743.0963433124,2459743.1172492295,2459743.1374623673
2022-06-13,2022-06-13,2459743.767476656,2459743.7465623044,2459743.7263371167,2459744.0963807516,2459744.1173025793,2459744.137528372
2022-06-14,2022-06-14,2459744.7677186886,2459744.7467908505,2459744.72655449,2459745.0964325587,2459745.117368467,2459745.1376052503
2022-06-15,2022-06-15,2459745.7679494848,2459745.747010002,2459745.726763958,2459746.09649862,2459746.117446759,2459746.1376924743
2022-06-16,2022-06-16,2459746.768168802,2459746.7472195267,2459746.726965299,2459747.09657882,2459747.117536363,2459747.1377903577
2022-06-17,2022-06-17,2459747.7683763867,2459747.7474191817,2459747.727158279,2459748.096673031,2459748.1176379183,2459748.1378987385
2022-06-18,2022-06-18,2459748.7685736786,2459748.747608715,2459748.7273426545,2459749.0967811034,2459749.117751291,2459749.1380174393
2022-06-19,2022-06-19,2459749.7687597014,2459749.7477878667,2459749.72751817,2459750.0969028627,2459750.1178762913,2459750.1381462584
2022-06-20,2022-06-20,2459750.7689330033,2459750.74795637,2459750.727684564,2459751.0970381023,2459751.118012703,2459751.138284971
2022-06-21,2022-06-21,2459751.7690933095,2459751.7481139535,2459751.727841565,2459752.097186587,2459752.1181602837,2459752.138433328
2022-06-22,2022-06-22,2459752.769240348,2459752.748260346,2459752.7279888997,2459753.0973475776,2459753.118318767,2459753.138591057
2022-06-23,2022-06-23,2459753.76937385,2459753.7483960823,2459753.728126293,2459754.097519198,2459754.1184878633,2459754.13875787
2022-06-24,2022-06-24,2459754.7694935547,2459754.7485206355,2459754.7282540277,2459755.0977030103,2459755.1186672673,2459755.13893346
2022-06-25,2022-06-25,2459755.7695992086,2459755.7486330555,2459755.7283717045,2459756.097898689,2459756.1188566554,2459756.1391175073
2022-06-26,2022-06-26,2459756.7696905695,2459756.7487330846,2459756.72847853,2459757.0981058925,2459757.119055691,2459757.1393096815
2022-06-27,2022-06-27,2459757.7697674055,2459757.7488204725,2459757.7285742396,2459758.0983242635,2459758.1192640257,2459758.139509642
2022-06-28,2022-06-28,2459758.769829497,2459758.7488949792,2459758.7286585793,2459759.098553432,2459759.1194813005,2459759.1397170406
2022-06-29,2022-06-29,2459759.769876639,2459759.748956376,2459759.728731301,2459760.0987930163,2459760.1197071476,2459760.1399315232
2022-06-30,2022-06-30,2459760.7699086387,2459760.7490044455,2459760.7287921687,2459761.0990426247,2459761.1199411936,2459761.140152731
2022-07-01,2022-07-01,2459761.7699253215,2459761.749038983,2459761.728840956,2459762.099301858,2459762.120183059,2459762.1403803024
2022-07-02,2022-07-02,2459762.7699265275,2459762.7490598,2459762.7288774503,2459763.09957031,2459763.120432361,2459763.1406138754
2022-07-03,2022-07-03,2459763.769912116,2459763.749066723,2459763.7289014524,2459764.099847571,2459764.120688715,2459764.1408530865
2022-07-04,2022-07-04,2459764.769881965,2459764.7490595947,2459764.7289127787,2459765.100133225,2459765.1209517354,2459765.141097576
2022-07-05,2022-07-05,2459765.7698359727,2459765.749038277,2459765.728911261,2459766.1004268555,2459766.1212210376,2459766.1413469845
2022-07-06,2022-07-06,2459766.769774059,2459766.749002652,2459766.728896751,2459767.100728046,2459767.1214962387,2459767.1416009604
2022-07-07,2022-07-07,2459767.7696961667,2459767.7489526216,2459767.728869119,2459768.101036382,2459768.1217769617,2459768.1418591565
2022-07-08,2022-07-08,2459768.769602266,2459768.7488881135,2459768.7288282583,2459769.101351451,2459769.1220628363,2459769.142121236
2022-07-09,2022-07-09,2459769.769492354,2459769.7488090815,2459769.7287740866,2459770.10167285,2459770.1223535,2459770.142386873
2022-07-10,2022-07-10,2459770.7693664567,2459770.748715506,2459770.728706548,2459771.1020001834,2459771.1226486047,2459771.142655756
2022-07-11,2022-07-11,2459771.7692246325,2459771.748607398,2459771.728625614,2459772.1023330693,2459772.1229478153,2459772.1429275894
2022-07-12,2022-07-12,2459772.769066967,2459772.748484795,2459772.7285312847,2459773.1026711403,2459773.1232508146,2459773.1432020976
2022-07-13,2022-07-13,2459773.7688935697,2459773.7483477583,2459773.7284235796,2459774.103014045,2459774.1235573026,2459774.143479021
2022-07-14,2022-07-14,2459774.7687045643,2459774.748197612,2459774.7283025347,2459775.1033614464,2459775.123866993,2459775.1437581163
2022-07-15,2022-07-15,2459775.768500082,2459775.7480335683,2459775.728168345,2459776.1037130156,2459776.1241794275,2459776.144039149
2022-07-16,2022-07-16,2459776.76828253,2459776.7478554538,2459776.7280218736,2459777.104067889,2459777.124491609,2459777.144321685
2022-07-17,2022-07-17,2459777.7680504974,2459777.7476633512,2459777.727862285,2459778.1044222056,2459778.1248061704,2459778.144603752
2022-07-18,2022-07-18,2459778.767803546,2459778.7474573436,2459778.727689622,2459779.1047796863,2459779.1251228238,2459779.144887055
2022-07-19,2022-07-19,2459779.767541806,2459779.747237513,2459779.7275039265,2459780.105139979,2459780.1254412723,2459780.1451713396
2022-07-20,2022-07-20,2459780.7672654106,2459780.7470039423,2459780.727305241,2459781.105502722,2459781.1257612077,2459781.1454563434
2022-07-21,2022-07-21,2459781.7669744943,2459781.7467567176,2459781.7270936095,2459782.105867542,2459782.1260823146,2459782.1457417975
2022-07-22,2022-07-22,2459782.766669196,2459782.746495927,2459782.7268690784,2459783.106234064,2459783.1264042747,2459783.1460274304
2022-07-23,2022-07-23,2459783.7663496598,2459783.746221665,2459783.7266316977,2459784.106601909,2459784.126726768,2459784.1463129697
2022-07-24,2022-07-24,2459784.766016035,2459784.7459340286,2459784.726381523,2459785.106970699,2459785.127049476,2459785.1465981444
2022-07-25,2022-07-25,2459785.765668477,2459785.7456331234,2459785.7261186163,2459786.1073400592,2459786.1273720823,2459786.1468826877
2022-07-26,2022-07-26,2459786.7653071475,2459786.7453190587,2459786.7258430435,2459787.107709618,2459787.127694275,2459787.147166336
2022-07-27,2022-07-27,2459787.764932214,2459787.7449919526,2459787.7255548793,2459788.1080790083,2459788.1280157487,2459788.1474488326
2022-07-28,2022-07-28,2459788.7645438514,2459788.7446519285,2459788.7252542046,2459789.1084478716,2459789.128336203,2459789.147729926
2022-07-29,2022-07-29,2459789.7641422413,2459789.7442991175,2459789.724941106,2459790.1088158553,2459790.1286553456,2459790.1480093724
2022-07-30,2022-07-30,2459790.763727572,2459790.743933657,2459790.72461568,2459791.109182617,2459791.128972894,2459791.1482869377
2022-07-31,2022-07-31,2459791.7633000393,2459791.7435556953,2459791.72427803,2459792.1095478255,2459792.1292885756,2459792.1485623983
2022-08-01,2022-08-01,2459792.7628598507,2459792.7431653873,2459792.7239282704,2459793.1099111615,2459793.12960213,2459793.148835541
2022-08-02,2022-08-02,2459793.7624072204,2459793.7427629,2459793.723566525,2459794.1102723205,2459794.1299133105,2459794.1491061663
2022-08-03,2022-08-03,2459794.761942377,2459794.7423484125,2459794.723192932,2459795.1106310124,2459795.130221885,2459795.1493740897
2022-08-04,2022-08-04,2459795.7614683644,2459795.741922117,2459795.722807641,2459796.1109844698,2459796.130527638,2459796.149639141
2022-08-05,2022-08-05,2459796.7609846536,2459796.741485171,2459796.722410819,2459797.111333962,2459797.1308303718,2459797.1499011684
2022-08-06,2022-08-06,2459797.760489509,2459797.7410392244,2459797.7220026487,2459798.1116803507,2459798.1311280048,2459798.1501600416
2022-08-07,2022-08-07,2459798.759983211,2459798.740582149,2459798.7215833324,2459799.1120234323,2459799.1314220573,2459799.1504156496
2022-08-08,2022-08-08,2459799.7594660595,2459799.740114199,2459799.721154893,2459800.1123630274,2459800.131712718,2459800.1506679067
2022-08-09,2022-08-09,2459800.7589383726,2459800.739635649,2459800.7207163684,2459801.1126989867,2459801.1319998866,2459801.150916754
2022-08-10,2022-08-10,2459801.7584004817,2459801.7391467886,2459801.720267409,2459802.113031188,2459802.1322834888,2459802.1511613233
2022-08-11,2022-08-11,2459802.7578527285,2459802.7386479178,2459802.719808279,2459803.113359537,2459803.132563477,2459803.1514020106
2022-08-12,2022-08-12,2459803.757295461,2459803.738139344,2459803.7193392506,2459804.1136839623,2459804.1328398227,2459804.151639314
2022-08-13,2022-08-13,2459804.756729026,2459804.737621376,2459804.7188605987,2459805.1140044066,2459805.133112512,2459805.1518732556
2022-08-14,2022-08-14,2459805.756153769,2459805.7370943213,2459805.7183725983,2459806.1143208216,2459806.1333815367,2459806.1521038604
2022-08-15,2022-08-15,2459806.755570032,2459806.736558484,2459806.7178755207,2459807.1146331583,2459807.1336468873,2459807.1523311534
2022-08-16,2022-08-16,2459807.7549785916,2459807.736014165,2459807.7173696337,2459808.114941363,2459808.1339085493,2459808.152555153
2022-08-17,2022-08-17,2459808.754383577,2459808.7354616607,2459808.716855202,2459809.1152453804,2459809.134166504,2459809.1527758716
2022-08-18,2022-08-18,2459809.7537810095,2459809.7349012634,2459809.716332486,2459810.11554515,2459810.134420728,2459810.1529933196
2022-08-19,2022-08-19,2459810.753171208,2459810.7343364777,2459810.7158017433,2459811.115840612,2459811.1346711973,2459811.153207503
2022-08-20,2022-08-20,2459811.7525544874,2459811.7337643225,2459811.7152632303,2459812.1161317085,2459812.1349178893,2459812.153418428
2022-08-21,2022-08-21,2459812.751931163,2459812.7331850664,2459812.7147174003,2459813.1164183845,2459813.135160782,2459813.1536261025
2022-08-22,2022-08-22,2459813.7513015456,2459813.732598989,2459813.714166364,2459814.1167005906,2459814.1353998575,2459814.1538305366
2022-08-23,2022-08-23,2459814.7506659464,2459814.7320063673,2459814.7136082584,2459815.1169782816,2459815.135635102,2459815.154031744
2022-08-24,2022-08-24,2459815.750024674,2459815.731407479,2459815.7130433326,2459816.117251418,2459816.135866505,2459816.15422974
2022-08-25,2022-08-25,2459816.7493780353,2459816.7308026,2459816.712471836,2459817.117519521,2459817.136094061,2459817.154424545
2022-08-26,2022-08-26,2459817.748726336,2459817.7301920056,2459817.7118940167,2459818.1177818314,2459818.1363177695,2459818.1546161803
2022-08-27,2022-08-27,2459818.7480713963,2459818.729575971,2459818.7113101245,2459819.118039611,2459819.1365376334,2459819.1548046735
2022-08-28,2022-08-28,2459819.7474143566,2459819.7289547697,2459819.710720408,2459820.1182928425,2459820.1367536625,2459820.154990056
2022-08-29,2022-08-29,2459820.7467530393,2459820.7283286764,2459820.710125118,2459821.1185415187,2459821.136965873,2459821.1551723653
2022-08-30,2022-08-30,2459821.7460877444,2459821.7277000137,2459821.709524508,2459822.1187856407,2459822.13717429,2459822.155351646
2022-08-31,2022-08-31,2459822.745418773,2459822.7270675143,2459822.7089188355,2459823.1190252206,2459823.137378948,2459823.1555279507
2022-09-01,2022-09-01,2459823.7447464317,2459823.726430859,2459823.7083083633,2459824.1192602823,2459824.1375798914,2459824.1557013434
2022-09-02,2022-09-02,2459824.7440710333,2459824.725790337,2459824.7076943885,2459825.119490864,2459825.1377764563,2459825.1558719003
2022-09-03,2022-09-03,2459825.7433929,2459825.725146248,2459825.707076821,2459826.1197170205,2459826.1379694855,2459826.1560397097
2022-09-04,2022-09-04,2459826.7427123627,2459826.724498901,2459826.7064552065,2459827.1199388243,2459827.138159083,2459827.1562048784
2022-09-05,2022-09-05,2459827.7420297633,2459827.723848617,2459827.705829847,2459828.1201563682,2459828.138345357,2459828.156367529
2022-09-06,2022-09-06,2459828.7413466084,2459828.7231957293,2459828.7052010586,2459829.1203697654,2459829.1385284355,2459829.156527805
2022-09-07,2022-09-07,2459829.740663827,2459829.7225405797,2459829.704569167,2459830.1205791533,2459830.1387084676,2459830.1566858697
2022-09-08,2022-09-08,2459830.7399799167,2459830.7218835205,2459830.7039345084,2459831.12078469,2459831.1388856233,2459831.1568419053
2022-09-09,2022-09-09,2459831.739295248,2459831.7212256226,2459831.703297424,2459832.1209865524,2459832.13906009,2459832.15699611
2022-09-10,2022-09-10,2459832.7386101913,2459832.720567603,2459832.7026582593,2459833.1211849307,2459833.139232066,2459833.1571486937
2022-09-11,2022-09-11,2459833.737925117,2459833.719908621,2459833.7020173594,2459834.1213800223,2459834.1394017567,2459834.157299871
2022-09-12,2022-09-12,2459834.7372403904,2459834.719249029,2459834.7013750672,2459835.1215720237,2459835.1395693664,2459835.1574498555
2022-09-13,2022-09-13,2459835.7365563735,2459835.7185891764,2459835.700732716,2459836.121761128,2459836.1397350933,2459836.1575988526
2022-09-14,2022-09-14,2459836.735873421,2459836.717929405,2459836.7000895916,2459837.121947521,2459837.13989913,2459837.15774702
2022-09-15,2022-09-15,2459837.7351918817,2459837.7172700535,2459837.6994459652,2459838.12213138,2459838.1400616583,2459838.1578944344
2022-09-16,2022-09-16,2459838.7345131915,2459838.716611453,2459838.6988021587,2459839.1223128773,2459839.140222856,2459839.1580414656
2022-09-17,2022-09-17,2459839.7338372977,2459839.7159539293,2459839.6981584895,2459840.1224921797,2459840.1403828925,2459840.1581882886
2022-09-18,2022-09-18,2459840.7331636706,2459840.7152978033,2459840.6975152707,2459841.1226694495,2459841.140541934,2459841.1583350743
2022-09-19,2022-09-19,2459841.7324926346,2459841.7146435855,2459841.6968728118,2459842.1228448465,2459842.1407001433,2459842.158481989
2022-09-20,2022-09-20,2459842.731824508,2459842.7139921687,2459842.696231417,2459843.123018528,2459843.1408576784,2459843.158629195
2022-09-21,2022-09-21,2459843.731159604,2459843.7133429577,2459843.6955913883,2459844.123190648,2459844.1410146956,2459844.15877685
2022-09-22,2022-09-22,2459844.7304982306,2459844.7126962557,2459844.6949530235,2459845.123361359,2459845.141171347,2459845.158925108
2022-09-23,2022-09-23,2459845.7298406893,2459845.7120523583,2459845.694316785,2459846.123530809,2459846.1413277807,2459846.159074119
2022-09-24,2022-09-24,2459846.7291872753,2459846.711411558,2459846.6936828825,2459847.123699143,2459847.1414841404,2459847.1592240264
2022-09-25,2022-09-25,2459847.728538276,2459847.71077414,2459847.6930513987,2459848.123866502,2459848.141640566,2459848.15937497
2022-09-26,2022-09-26,2459848.7278944007,2459848.7101403843,2459848.6924226107,2459849.124033026,2459849.1417971933,2459849.1595270853
2022-09-27,2022-09-27,2459849.7272559046,2459849.7095105657,2459849.6917967945,2459850.1241988023,2459850.1419541566,2459850.1596805034
2022-09-28,2022-09-28,2459850.726622517,2459850.7088849563,2459850.6911742226,2459851.1243638764,2459851.142111588,2459851.1598353554
2022-09-29,2022-09-29,2459851.7259945096,2459851.7082638275,2459851.6905551674,2459852.1245285664,2459852.142269621,2459852.1599917724
2022-09-30,2022-09-30,2459852.7253721547,2459852.707647597,2459852.689939904,2459853.1246930137,2459853.142428395,2459853.160149888
2022-10-01,2022-10-01,2459853.72475573,2459853.7070363807,2459853.6893287133,2459854.124857369,2459854.142588054,2459854.1603098433
2022-10-02,2022-10-02,2459854.7241455168,2459854.706430371,2459854.688721883,2459855.1250217916,2459855.1427487526,2459855.1604717867
2022-10-03,2022-10-03,2459855.723541805,2459855.705829861,2459855.6881197104,2459856.1251864545,2459856.1429106565,2459856.160635879
2022-10-04,2022-10-04,2459856.72294489,2459856.705235154,2459856.687522267,2459857.1253515435,2459857.1430739453,2459857.160802292
2022-10-05,2022-10-05,2459857.7223550756,2459857.7046465576,2459857.686929905,2459858.1255172607,2459858.143238812,2459858.160971213
2022-10-06,2022-10-06,2459858.7217726693,2459858.704064389,2459858.686343048,2459859.125683821,2459859.143405464,2459859.1611428396
2022-10-07,2022-10-07,2459859.7211980266,2459859.7034889683,2459859.685762025,2459860.125851452,2459860.143574118,2459860.161317381
2022-10-08,2022-10-08,2459860.7206313857,2459860.7029206175,2459860.6851871675,2459861.126020389,2459861.1437450005,2459861.161495054
2022-10-09,2022-10-09,2459861.7200729894,2459861.702359658,2459861.6846188074,2459862.1261908724,2459862.1439183396,2459862.161676077
2022-10-10,2022-10-10,2459862.71952315,2459862.7018064116,2459862.6840572753,2459863.126363141,2459863.144094363,2459863.161860666
2022-10-11,2022-10-11,2459863.7189821764,2459863.7012611306,2459863.683502899,2459864.1265374273,2459864.1442732904,2459864.1620490304
2022-10-12,2022-10-12,2459864.71845037,2459864.70072379,2459864.6829560003,2459865.1267139562,2459865.1444554795,2459865.1622413686
2022-10-13,2022-10-13,2459865.717928025,2459865.700195017,2459865.6824168977,2459866.1268929415,2459866.144641038,2459866.1624378683
2022-10-14,2022-10-14,2459866.717415429,2459866.6996751106,2459866.681885901,2459867.1270745867,2459867.144830137,2459867.1626387034
2022-10-15,2022-10-15,2459867.7169128596,2459867.699164365,2459867.681363315,2459868.1272590826,2459868.1450229525,2459868.1628440362
2022-10-16,2022-10-16,2459868.716420587,2459868.698663065,2459868.6808488127,2459869.127446612,2459869.145219651,2459869.163054016
2022-10-17,2022-10-17,2459869.7159388717,2459869.6981714885,2459869.6803429886,2459870.1276373463,2459870.1454203874,2459870.1632687813
2022-10-18,2022-10-18,2459870.715467965,2459870.6976899044,2459870.679846388,2459871.1278314474,2459871.1456253063,2459871.163488459
2022-10-19,2022-10-19,2459871.715008112,2459871.6972185746,2459871.679359289,2459872.128029068,2459872.1458345414,2459872.163713164
2022-10-20,2022-10-20,2459872.7145593204,2459872.696757752,2459872.678881965,2459873.128230349,2459873.146048215,2459873.163943
2022-10-21,2022-10-21,2459873.714121739,2459873.69630768,2459873.678414679,2459874.128435422,2459874.146266439,2459874.1641780566
2022-10-22,2022-10-22,2459874.7136958325,2459874.6958685922,2459874.6779576847,2459875.1286444054,2459875.146489309,2459875.1644184096
2022-10-23,2022-10-23,2459875.713281804,2459875.69544071,2459875.677511226,2459876.128857403,2459876.146716909,2459876.1646646913
2022-10-24,2022-10-24,2459876.7128798445,2459876.6950242417,2459876.677075533,2459877.1290745065,2459877.1469493066,2459877.1649164525
2022-10-25,2022-10-25,2459877.7124901293,2459877.6946193604,2459877.676650826,2459878.129295792,2459878.147186554,2459878.1651736954
2022-10-26,2022-10-26,2459878.7121128207,2459878.69422549,2459878.6762373107,2459879.129521322,2459879.1474286895,2459879.1654364336
2022-10-27,2022-10-27,2459879.7117480696,2459879.6938435575,2459879.6758351848,2459880.129751149,2459880.14767574,2459880.165704668
2022-10-28,2022-10-28,2459880.711396019,2459880.693473732,2459880.675444639,2459881.1299853176,2459881.147927724,2459881.1659783893
2022-10-29,2022-10-29,2459881.7110568075,2459881.693116179,2459881.6750658615,2459882.1302238693,2459882.1481846543,2459882.1662575845
2022-10-30,2022-10-30,2459882.710730574,2459882.692771065,2459882.6746990434,2459883.1304668477,2459883.1484465473,2459883.1665422395
2022-10-31,2022-10-31,2459883.71041746,2459883.6924385596,2459883.674343917,2459884.130714299,2459884.148713421,2459884.166832343
2022-11-01,2022-11-01,2459884.7101176116,2459884.692118837,2459884.674000535,2459885.1309664706,2459885.148985301,2459885.1671278905
2022-11-02,2022-11-02,2459885.709831175,2459885.6918120747,2459885.6736697056,2459886.1312235836,2459886.1492622183,2459886.167428882
2022-11-03,2022-11-03,2459886.7095583016,2459886.6915184525,2459886.673351639,2459887.1314853937,2459887.149544211,2459887.167735323
2022-11-04,2022-11-04,2459887.709299141,2459887.691238152,2459887.673046547,2459888.131751973,2459888.14983132,2459888.1680472223
2022-11-05,2022-11-05,2459888.709053841,2459888.690971351,2459888.67275464,2459889.132023395,2459889.1501235873,2459889.168364589
2022-11-06,2022-11-06,2459889.7088225456,2459889.6907182266,2459889.672476127,2459890.1322997306,2459890.150421052,2459890.168687428
2022-11-07,2022-11-07,2459890.7086053942,2459890.690478949,2459890.6722112102,2459891.1325810454,2459891.150723746,2459891.1690157377
2022-11-08,2022-11-08,2459891.7084025173,2459891.6902536815,2459891.6719600866,2459892.132867396,2459892.1510317684,2459892.1693495056
2022-11-09,2022-11-09,2459892.708214037,2459892.69004258,2459892.6717229453,2459893.133158826,2459893.1513459357,2459893.1696887054
2022-11-10,2022-11-10,2459893.7080400307,2459893.6898457888,2459893.671499966,2459894.1334553654,2459894.151665407,2459894.170033295
2022-11-11,2022-11-11,2459894.70788026,2459894.6896634423,2459894.6712913183,2459895.133757028,2459895.1519901585,2459895.1703832154
2022-11-12,2022-11-12,2459895.7077352074,2459895.6894956618,2459895.671097159,2459896.1340638096,2459896.1523201503,2459896.1707383883
2022-11-13,2022-11-13,2459896.707604947,2459896.689342555,2459896.6709176325,2459897.134375691,2459897.1526553244,2459897.171098718
2022-11-14,2022-11-14,2459897.7074895394,2459897.689204216,2459897.67075287,2459898.1346926335,2459898.152995605,2459898.171465413
2022-11-15,2022-11-15,2459898.70738903,2459898.6890807245,2459898.670602989,2459899.135014583,2459899.153340898,2459899.171837242
2022-11-16,2022-11-16,2459899.707303448,2459899.688972144,2459899.6704680915,2459900.135341466,2459900.1536910916,2459900.1722138794
2022-11-17,2022-11-17,2459900.707232806,2459900.6888785227,2459900.6703482643,2459901.135673193,2459901.154046056,2459901.172595154
2022-11-18,2022-11-18,2459901.7071771,2459901.6887998926,2459901.670243579,2459902.1360096545,2459902.154405642,2459902.172980875
2022-11-19,2022-11-19,2459902.707136306,2459902.6887362674,2459902.670154088,2459903.136350721,2459903.1547696795,2459903.1733708293
2022-11-20,2022-11-20,2459903.707110382,2459903.68868764,2459903.6700798245,2459904.1366962437,2459904.155137979,2459904.1737647844
2022-11-21,2022-11-21,2459904.707099261,2459904.6886539813,2459904.6700208,2459905.1370460484,2459905.155510326,2459905.174162483
2022-11-22,2022-11-22,2459905.7071028524,2459905.688635238,2459905.6699770014,2459906.1373999366,2459906.155886482,2459906.174563644
2022-11-23,2022-11-23,2459906.7071210393,2459906.688631331,2459906.669948389,2459907.13775822,2459907.156266183,2459907.1749679605
2022-11-24,2022-11-24,2459907.7071536793,2459907.688642155,2459907.6699348986,2459908.1381207043,2459908.156649143,2459908.1753751035
2022-11-25,2022-11-25,2459908.707200608,2459908.6886675833,2459908.6699364437,2459909.1384865586,2459909.157035054,2459909.1757847243
2022-11-26,2022-11-26,2459909.707261645,2459909.688707473,2459909.669952921,2459910.1388555,2459910.1574235973,2459910.17619646
2022-11-27,2022-11-27,2459910.707336599,2459910.6887616715,2459910.6699842177,2459911.1392272385,2459911.1578148203,2459911.176609944
2022-11-28,2022-11-28,2459911.707425277,2459911.688830022,2459911.6700302167,2459912.139601485,2459912.158209187,2459912.17702481
2022-11-29,2022-11-29,2459912.707527486,2459912.6889123665,2459912.6700907997,2459913.1399779534,2459913.158605231,2459913.1774406987
2022-11-30,2022-11-30,2459913.7076430316,2459913.6890085484,2459913.6701658475,2459914.140356366,2459914.1590026375,2459914.177857284
2022-12-01,2022-12-01,2459914.707771721,2459914.68911841,2459914.6702552396,2459915.1407364504,2459915.159401098,2459915.178276237
2022-12-02,2022-12-02,2459915.7079133596,2459915.6892417907,2459915.670358852,2459916.141117938,2459916.1598003083,2459916.1786951944
2022-12-03,2022-12-03,2459916.7080677026,2459916.6893785247,2459916.6704765544,2459917.1415005596,2459917.160199968,2459917.1791138197
2022-12-04,2022-12-04,2459917.7082340843,2459917.689528441,2459917.6706082104,2459918.141884047,2459918.1605997756,2459918.179531778
2022-12-05,2022-12-05,2459918.708412754,2459918.689691361,2459918.670753673,2459919.1422681273,2459919.1609994275,2459919.1799487337
2022-12-06,2022-12-06,2459919.7086034925,2459919.6898670974,2459919.6709127887,2459920.1426525223,2459920.1613986157,2459920.1803643475
2022-12-07,2022-12-07,2459920.708806075,2459920.6900554537,2459920.671085391,2459921.1430369457,2459921.161797026,2459921.1807782757
2022-12-08,2022-12-08,2459921.7090202654,2459921.6902562217,2459921.671271302,2459922.1434211032,2459922.1621943377,2459922.181190169
2022-12-09,2022-12-09,2459922.7092458177,2459922.6904691826,2459922.671470332,2459923.1438046903,2459923.16259022,2459923.181599671
2022-12-10,2022-12-10,2459923.709482475,2459923.6906941053,2459923.671682277,2459924.1441873917,2459924.1629843344,2459924.1820064173
2022-12-11,2022-12-11,2459924.7097299686,2459924.6909307465,2459924.6719069206,2459925.1445698235,2459925.163376333,2459925.1824100367
2022-12-12,2022-12-12,2459925.709988018,2459925.691178848,2459925.672144029,2459926.1449510716,2459926.1637658593,2459926.1828101506
2022-12-13,2022-12-13,2459926.71025633,2459926.6914381385,2459926.6723933546,2459927.145330416,2459927.1641525477,2459927.1832063748
2022-12-14,2022-12-14,2459927.7105345996,2459927.6917083333,2459927.672654635,2459928.1457074983,2459928.16453648,2459928.1835983177
2022-12-15,2022-12-15,2459928.710822508,2459928.691989133,2459928.67292759,2459929.146081951,2459929.1649179845,2459929.1839855826
2022-12-16,2022-12-16,2459929.7111197263,2459929.6922802245,2459929.6732119257,2459930.146453397,2459930.1652954845,2459930.1843677675
2022-12-17,2022-12-17,2459930.7114259102,2459930.6925812787,2459930.6735073286,2459931.1468214504,2459931.165668581,2459931.184745427
2022-12-18,2022-12-18,2459931.711740702,2459931.692891951,2459931.6738134697,2459932.147185715,2459932.1660368685,2459932.1851181886
2022-12-19,2022-12-19,2459932.7120637284,2459932.6932118796,2459932.674129999,2459933.147545783,2459933.1663999306,2459933.1854845835
2022-12-20,2022-12-20,2459933.712394599,2459933.6935406826,2459933.6744565433,2459934.1479012338,2459934.1667573415,2459934.1858441792
2022-12-21,2022-12-21,2459934.7127329013,2459934.6938779545,2459934.674791129,2459935.1482516327,2459935.1671086624,2459935.186196536
2022-12-22,2022-12-22,2459935.7130782045,2459935.694223269,2459935.6751346337,2459936.1485965312,2459936.1674534446,2459936.186541202
2022-12-23,2022-12-23,2459936.7134300563,2459936.6945761754,2459936.675486828,2459937.1489354684,2459937.1677912273,2459937.186877719
2022-12-24,2022-12-24,2459937.713787992,2459937.6949348957,2459937.6758472505,2459938.1492679752,2459938.168121545,2459938.187205626
2022-12-25,2022-12-25,2459938.714151541,2459938.6952999965,2459938.6762154303,2459939.1495935856,2459939.1684439373,2459939.187524468
2022-12-26,2022-12-26,2459939.7145202365,2459939.695671245,2459939.6765908953,2459940.1499118437,2459940.168757955,2459940.1878338056
2022-12-27,2022-12-27,2459940.714893177,2459940.6960481834,2459940.6769731822,2459941.150222313,2459941.1690631732,2459941.1881332234
2022-12-28,2022-12-28,2459941.715269502,2459941.696430368,2459941.6773618395,2459942.150524584,2459942.1693591923,2459942.188422336
2022-12-29,2022-12-29,2459942.7156496425,2459942.696817371,2459942.6777564287,2459943.1508182697,2459943.1696456415,2459943.1887007873
2022-12-30,2022-12-30,2459943.7160332,2459943.69720878,2459943.6781565235,2459944.1511033406,2459944.169922174,2459944.1889682496
2022-12-31,2022-12-31,2459944.7164197885,2459944.697604194,2459944.678561708,2459945.151379733,2459945.170188468,2459945.1892244196
2023-01-01,2023-01-01,2459945.7168090376,2459945.6980032246,2459945.678971576,2459946.151646469,2459946.1704442194,2459946.1894690166
2023-01-02,2023-01-02,2459946.717200588,2459946.6984054944,2459946.679385729,2459947.151903239,2459947.170689143,2459947.189701778
2023-01-03,2023-01-03,2459947.7175940927,2459947.698810634,2459947.6798037775,2459948.15214975,2459948.1709229676,2459948.1899224585
2023-01-04,2023-01-04,2459948.717989215,2459948.6992182853,2459948.680225337,2459949.1523857196,2459949.171145457,2459949.1901308284
2023-01-05,2023-01-05,2459949.7183856284,2459949.6996280956,2459949.6806500317,2459950.1526108775,2459950.171357201,2459950.190326673
2023-01-06,2023-01-06,2459950.7187830154,2459950.7000397225,2459950.681077491,2459951.152824966,2459951.1715570544,2459951.19050979
2023-01-07,2023-01-07,2459951.7191810682,2459951.700452831,2459951.681505827,2459952.153027735,2459952.171744798,2459952.1906799907
2023-01-08,2023-01-08,2459952.7195794885,2459952.700867093,2459952.6819355343,2459953.1532189474,2459953.1719202218,2459953.1908370974
2023-01-09,2023-01-09,2459953.719977985,2459953.7012821883,2459953.6823669313,2459954.1533983727,2459954.172083128,2459954.190980944
2023-01-10,2023-01-10,2459954.720376276,2459954.7016963614,2459954.6827996746,2459955.1535657914,2459955.1722333287,2459955.1911113756
2023-01-11,2023-01-11,2459955.7207740853,2459955.7021105094,2459955.6832334264,2459956.1537209917,2459956.1723706448,2459956.1912282477
2023-01-12,2023-01-12,2459956.721171146,2459956.702524577,2459956.6836678535,2459957.1538637714,2459957.1724949083,2459957.191331702
2023-01-13,2023-01-13,2459957.721566902,2459957.7029382708,2459957.684102627,2459958.1539939363,2459958.1726059597,2459958.1914214934
2023-01-14,2023-01-14,2459958.721960414,2459958.7033513035,2459958.6845374224,2459959.154111301,2459959.172703649,2459959.191497279
2023-01-15,2023-01-15,2459959.722352425,2459959.7037633904,2459959.684971917,2459960.1542156865,2459960.172787833,2459960.1915589543
2023-01-16,2023-01-16,2459960.7227426893,2459960.70417425,2459960.68540579,2459961.1543069202,2459961.172858376,2459961.191606422
2023-01-17,2023-01-17,2459961.723130964,2459961.7045836,2459961.685838719,2459962.1543848338,2459962.1729151476,2459962.191639591
2023-01-18,2023-01-18,2459962.7235170035,2459962.704991157,2459962.68627038,2459963.154449261,2459963.1729580197,2459963.1916583744
2023-01-19,2023-01-19,2459963.7239005584,2459963.7053966313,2459963.6867004414,2459964.1545000346,2459964.1729868646,2459964.1916626836
2023-01-20,2023-01-20,2459964.724281372,2459964.7057997263,2459964.6871285634,2459965.154536987,2459965.173001553,2459965.1916524316
2023-01-21,2023-01-21,2459965.7246591835,2459965.7062001405,2459965.687554402,2459966.154559949,2459966.1730019553,2459966.1916275294
2023-01-22,2023-01-22,2459966.7250337335,2459966.7065975727,2459966.6879773536,2459967.1545687565,2459967.172987947,2459967.1915878947
2023-01-23,2023-01-23,2459967.7254047715,2459967.706991731,2459967.6883957516,2459968.154563258,2459968.1729594166,2459968.191533456
2023-01-24,2023-01-24,2459968.725772066,2459968.7073823423,2459968.688810913,2459969.1545433216,2459969.172916272,2459969.1914641648
2023-01-25,2023-01-25,2459969.726135409,2459969.7077691564,2459969.689222547,2459970.154508845,2459970.1728584506,2459970.1913799974
2023-01-26,2023-01-26,2459970.726494622,2459970.7081516166,2459970.6896303934,2459971.1544597563,2459971.1727859206,2459971.191280965
2023-01-27,2023-01-27,2459971.726849555,2459971.708528926,2459971.6900342186,2459972.1543960148,2459972.1726986803,2459972.191167548
2023-01-28,2023-01-28,2459972.7272000853,2459972.7089019064,2459972.690433818,2459973.154317605,2459973.172596754,2459973.1910394398
2023-01-29,2023-01-29,2459973.727546114,2459973.7092704196,2459973.69082901,2459974.154224536,2459974.17248019,2459974.190896703
2023-01-30,2023-01-30,2459974.7278875643,2459974.7096343497,2459974.6912196376,2459975.1541168364,2459975.1723490553,2459975.1907394393
2023-01-31,2023-01-31,2459975.7282242854,2459975.709993602,2459975.691605563,2459976.1539945514,2459976.172203433,2459976.19056777
2023-02-01,2023-02-01,2459976.7285555834,2459976.7103480985,2459976.691986668,2459977.1538577424,2459977.172043422,2459977.1903818278
2023-02-02,2023-02-02,2459977.7288822243,2459977.7106977804,2459977.6923628524,2459978.153706486,2459978.1718691345,2459978.190181759
2023-02-03,2023-02-03,2459978.7292042025,2459978.711042604,2459978.6927340343,2459979.15354087,2459979.1716806963,2459979.189967724
2023-02-04,2023-02-04,2459979.729521529,2459979.7113825427,2459979.693100147,2459980.1533609964,2459980.1714782435,2459980.1897398904
2023-02-05,2023-02-05,2459980.729834226,2459980.711717583,2459980.6934611397,2459981.153166976,2459981.1712619225,2459981.1894984366
2023-02-06,2023-02-06,2459981.73014233,2459981.7120477245,2459981.693816975,2459982.15295893,2459982.171032187,2459982.1892435495
2023-02-07,2023-02-07,2459982.7304458884,2459982.712372981,2459982.6941676303,2459983.1527369902,2459983.1707892506,2459983.1889754245
2023-02-08,2023-02-08,2459983.7307449607,2459983.712693377,2459983.6945130946,2459984.1525012963,2459984.1705329446,2459984.188694263
2023-02-09,2023-02-09,2459984.731039615,2459984.7130089477,2459984.694852649,2459985.1522519942,2459985.170263445,2459985.1884002723
2023-02-10,2023-02-10,2459985.731329927,2459985.7133197365,2459985.6951866946,2459986.1519892383,2459986.169980933,2459986.1880936665
2023-02-11,2023-02-11,2459986.731615979,2459986.7136257933,2459986.6955156387,2459987.151713187,2459987.1696855933,2459987.1877746615
2023-02-12,2023-02-12,2459987.7318978566,2459987.7139271726,2459987.6958395047,2459988.151424003,2459988.1693776166,2459988.1874434766
2023-02-13,2023-02-13,2459988.7321756477,2459988.7142239325,2459988.69615832,2459989.151121854,2459989.169057195,2459989.1871003355
2023-02-14,2023-02-14,2459989.732449442,2459989.7145161335,2459989.696472115,2459990.150807246,2459990.1687245234,2459990.186745461
2023-02-15,2023-02-15,2459990.732719325,2459990.714803748,2459990.6967809163,2459991.150480193,2459991.1683797953,2459991.186379075
2023-02-16,2023-02-16,2459991.732985377,2459991.7150864075,2459991.697084749,2459992.1501406576,2459992.1680232016,2459992.1860013967
2023-02-17,2023-02-17,2459992.7332476694,2459992.7153647104,2459992.69738363,2459993.149788798,2459993.167654929,2459993.1856126385
2023-02-18,2023-02-18,2459993.733506265,2459993.715638693,2459993.697677569,2459994.1494247685,2459994.167275157,2459994.185213007
2023-02-19,2023-02-19,2459994.7337612174,2459994.7159083844,2459994.6979665677,2459995.1490487168,2459995.166884058,2459995.1848027
2023-02-20,2023-02-20,2459995.7340125768,2459995.716173809,2459995.6982506276,2459996.1486607897,2459996.1664818046,2459996.1843823213
2023-02-21,2023-02-21,2459996.7342603956,2459996.7164349966,2459996.6985297524,2459997.1482611396,2459997.166068572,2459997.1839521755
2023-02-22,2023-02-22,2459997.734504736,2459997.716691986,2459997.698803959,2459998.147849931,2459998.165644548,2459998.1835119156
2023-02-23,2023-02-23,2459998.734745675,2459998.7169448333,2459998.69907328,2459999.147427346,2459999.165209936,2459999.1830617636
2023-02-24,2023-02-24,2459999.734983231,2459999.7171936114,2459999.6993377684,2460000.146993586,2460000.164764959,2460000.1826019585
2023-02-25,2023-02-25,2460000.7352174805,2460000.7174384133,2460000.699597495,2460001.146548872,2460001.1643100097,2460001.182132758
2023-02-26,2023-02-26,2460001.73544871,2460001.7176793497,2460001.699852553,2460002.1460934402,2460002.163845584,2460002.1816544333
2023-02-27,2023-02-27,2460002.735677065,2460002.7179165473,2460002.7001030506,2460003.1456275415,2460003.1633714964,2460003.1811672663
2023-02-28,2023-02-28,2460003.7359027043,2460003.7181501472,2460003.7003491116,2460004.145151439,2460004.1628880235,2460004.180671551
2023-03-01,2023-03-01,2460004.7361257994,2460004.718380304,2460004.7005908745,2460005.1446654047,2460005.1623954494,2460005.180167588
2023-03-02,2023-03-02,2460005.7363465303,2460005.7186071817,2460005.700828488,2460006.144169757,2460006.1618940653,2460006.1796556828
2023-03-03,2023-03-03,2460006.7365650837,2460006.7188309524,2460006.7010621103,2460007.1436648048,2460007.1613841676,2460007.179136146
2023-03-04,2023-03-04,2460007.7367816553,2460007.719051797,2460007.701291909,2460008.1431506914,2460008.160866059,2460008.1786092944
2023-03-05,2023-03-05,2460008.7369964486,2460008.7192699052,2460008.7015178706,2460009.1426277123,2460009.1603400474,2460009.1780754477
2023-03-06,2023-03-06,2460009.7372096716,2460009.719485474,2460009.701740357,2460010.142096167,2460010.159806445,2460010.1775352256
2023-03-07,2023-03-07,2460010.73742154,2460010.719698705,2460010.7019596198,2460011.141556362,2460011.159265568,2460011.176988801
2023-03-08,2023-03-08,2460011.737632274,2460011.719909808,2460011.702175857,2460012.1410086057,2460012.158717736,2460012.1764362734
2023-03-09,2023-03-09,2460012.737842097,2460012.7201189967,2460012.7023892724,2460013.1404532115,2460013.158163271,2460013.1758779706
2023-03-10,2023-03-10,2460013.738051235,2460013.7203264865,2460013.702600074,2460014.1398904943,2460014.157602496,2460014.1753142225
2023-03-11,2023-03-11,2460014.7382599143,2460014.7205324946,2460014.70280847,2460015.139320772,2460015.1570356763,2460015.1747453585
2023-03-12,2023-03-12,2460015.7384683583,2460015.720737237,2460015.7030146695,2460016.138744363,2460016.1564630945,2460016.174171707
2023-03-13,2023-03-13,2460016.738676787,2460016.720940925,2460016.7032188773,2460017.138161586,2460017.155885073,2460017.1735935966
2023-03-14,2023-03-14,2460017.738885413,2460017.7211437654,2460017.7034212947,2460018.137572747,2460018.155301931,2460018.1730113514
2023-03-15,2023-03-15,2460018.7390944394,2460018.721345954,2460018.703622112,2460019.1369775007,2460019.1547139855,2460019.1724252924
2023-03-16,2023-03-16,2460019.7393040564,2460019.7215477205,2460019.703821512,2460020.1363767,2460020.154121547,2460020.171835733
2023-03-17,2023-03-17,2460020.7395144384,2460020.7217492997,2460020.7040196606,2460021.135770647,2460021.153524919,2460021.171242979
2023-03-18,2023-03-18,2460021.7397257453,2460021.7219507825,2460021.7042167126,2460022.1351596355,2460022.1529243975,2460022.1706471806
2023-03-19,2023-03-19,2460022.739938121,2460022.7221523104,2460022.704412807,2460023.134543952,2460023.1523202676,2460023.1700486434
2023-03-20,2023-03-20,2460023.740151694,2460023.7223540116,2460023.7046080697,2460024.133923874,2460024.151712806,2460024.169447662
2023-03-21,2023-03-21,2460024.740366582,2460024.722556003,2460024.7048026184,2460025.1332996744,2460025.1511022826,2460025.1688445047
2023-03-22,2023-03-22,2460025.740582896,2460025.7227583956,2460025.704996564,2460026.132671625,2460026.150488276,2460026.1682394366
2023-03-23,2023-03-23,2460026.7408007444,2460026.722961299,2460026.7051900174,2460027.1320400033,2460027.14987151,2460027.1676327274
2023-03-24,2023-03-24,2460027.74102024,2460027.723164828,2460027.7053830945,2460028.1314050956,2460028.1492523835,2460028.167024653
2023-03-25,2023-03-25,2460028.741241498,2460028.7233691015,2460028.7055759165,2460029.1307669347,2460029.148631188,2460029.1664155
2023-03-26,2023-03-26,2460029.7414646433,2460029.7235742477,2460029.7057686155,2460030.1301246635,2460030.1480082255,2460030.1658055633
2023-03-27,2023-03-27,2460030.741690028,2460030.723780402,2460030.7059613313,2460031.1294798832,2460031.1473838068,2460031.165195147
2023-03-28,2023-03-28,2460031.7419180227,2460031.7239877074,2460031.7061542114,2460032.1288329205,2460032.146758249,2460032.164584561
2023-03-29,2023-03-29,2460032.742148384,2460032.724196312,2460032.706347409,2460033.12818411,2460033.146131877,2460033.1639734395
2023-03-30,2023-03-30,2460033.742381259,2460033.7244063676,2460033.706541084,2460034.12753379,2460034.1455050176,2460034.1633624556
2023-03-31,2023-03-31,2460034.7426167955,2460034.72461803,2460034.706735398,2460035.126882304,2460035.144878002,2460035.162752147
2023-04-01,2023-04-01,2460035.742855143,2460035.7248314535,2460035.706930516,2460036.1262299987,2460036.14425105,2460036.162142838
2023-04-02,2023-04-02,2460036.7430964527,2460036.7250467995,2460036.7071266044,2460037.125577225,2460037.143623035,2460037.1615348547
2023-04-03,2023-04-03,2460037.743340876,2460037.7252642275,2460037.7073238348,2460038.1249243366,2460038.1429957524,2460038.160928524
2023-04-04,2023-04-04,2460038.743588565,2460038.725483899,2460038.707522379,2460039.1242716904,2460039.142369546,2460039.160324177
2023-04-05,2023-04-05,2460039.7438396728,2460039.7257059785,2460039.707722411,2460040.123617383,2460040.14174476,2460040.159722142
2023-04-06,2023-04-06,2460040.7440943513,2460040.7259306284,2460040.7079241066,2460041.122963443,2460041.1411217414,2460041.1591227525
2023-04-07,2023-04-07,2460041.7443527537,2460041.7261580145,2460041.7081278274,2460042.1223106836,2460042.1405008384,2460042.158526339
2023-04-08,2023-04-08,2460042.7446150263,2460042.7263882966,2460042.70833392,2460043.121659472,2460043.139882399,2460043.1579332333
2023-04-09,2023-04-09,2460043.7448813105,2460043.72662163,2460043.7085422464,2460044.121010174,2460044.1392667685,2460044.157342742
2023-04-10,2023-04-10,2460044.7451517363,2460044.7268581605,2460044.7087529674,2460045.1203631554,2460045.1386542926,2460045.156755553
2023-04-11,2023-04-11,2460045.745426421,2460045.7270980226,2460045.7089662347,2460046.119718779,2460046.138045313,2460046.1561725605
2023-04-12,2023-04-12,2460046.745705466,2460046.7273413353,2460046.7091821856,2460047.119077404,2460047.137439583,2460047.1555940844
2023-04-13,2023-04-13,2460047.7459889497,2460047.7275881986,2460047.70940094,2460048.118439384,2460048.136836087,2460048.155020435
2023-04-14,2023-04-14,2460048.7462769323,2460048.7278386923,2460048.7096225983,2460049.117805064,2460049.136236974,2460049.1544519146
2023-04-15,2023-04-15,2460049.74656945,2460049.7280928763,2460049.7098472416,2460050.1171731646,2460050.1356425583,2460050.1538888128
2023-04-16,2023-04-16,2460050.7468665154,2460050.7283515357,2460050.7100749305,2460051.1165434555,2460051.135053139,2460051.1533314055
2023-04-17,2023-04-17,2460051.7471681177,2460051.7286144434,2460051.710305704,2460052.1159183006,2460052.1344690043,2460052.152779954
2023-04-18,2023-04-18,2460052.7474742257,2460052.728881171,2460052.710539583,2460053.1152980053,2460053.1338904286,2460053.152234707
2023-04-19,2023-04-19,2460053.7477847887,2460053.729151697,2460053.7107765726,2460054.114682864,2460054.1333176764,2460054.1516959015
2023-04-20,2023-04-20,2460054.7480997415,2460054.729425986,2460054.711016662,2460055.1140731676,2460055.1327510057,2460055.1511637676
2023-04-21,2023-04-21,2460055.748419679,2460055.7297039917,2460055.711259833,2460056.1134692063,2460056.1321906745,2460056.1506370297
2023-04-22,2023-04-22,2460056.7487454806,2460056.729985662,2460056.711506062,2460057.112871272,2460057.131636942,2460057.1501167356
2023-04-23,2023-04-23,2460057.74907554,2460057.730270939,2460057.7117553214,2460058.112279662,2460058.131090069,2460058.1496037506
2023-04-24,2023-04-24,2460058.749409764,2460058.7305597644,2460058.7120075836,2460059.1116946777,2460059.1305484874,2460059.149098315
2023-04-25,2023-04-25,2460059.7497480554,2460059.730852079,2460059.712262821,2460060.111116625,2460060.1300130216,2460060.14860067
2023-04-26,2023-04-26,2460060.750090315,2460060.731147822,2460060.7125210054,2460061.110544302,2460061.129485169,2460061.14811106
2023-04-27,2023-04-27,2460061.75043644,2460061.7314469293,2460061.7127821073,2460062.109976532,2460062.128965208,2460062.1476297295
2023-04-28,2023-04-28,2460062.750786324,2460062.7317493353,2460062.713046096,2460063.109416558,2460063.128453415,2460063.1471569203
2023-04-29,2023-04-29,2460063.751139854,2460063.7320549698,2460063.7133129365,2460064.108864697,2460064.1279500676,2460064.146692876
2023-04-30,2023-04-30,2460064.7514969152,2460064.732363761,2460064.7135825935,2460065.1083212676,2460065.1274554427,2460065.1462378367
2023-05-01,2023-05-01,2460065.751857387,2460065.7326756315,2460065.7138550286,2460066.1077865856,2460066.1269698157,2460066.1457920433
2023-05-02,2023-05-02,2460066.7522211447,2460066.732990504,2460066.7141302004,2460067.107260968,2460067.1264934614,2460067.1453557336
2023-05-03,2023-05-03,2460067.7525880616,2460067.733308296,2460067.714408068,2460068.1067447294,2460068.1260266537,2460068.144929145
2023-05-04,2023-05-04,2460068.752958008,2460068.733628927,2460068.714688588,2460069.106238186,2460069.1255696644,2460069.1445125137
2023-05-05,2023-05-05,2460069.7533308533,2460069.7339523123,2460069.7149728797,2460070.1057416503,2460070.1251227655,2460070.1441050083
2023-05-06,2023-05-06,2460070.75370646,2460070.734278364,2460070.7152602198,2460071.1052554348,2460071.124686226,2460071.14370672
2023-05-07,2023-05-07,2460071.7540846854,2460071.7346069906,2460071.715550131,2460072.1047798493,2460072.1242603115,2460072.143319086
2023-05-08,2023-05-08,2460072.7544653756,2460072.734938383,2460072.715842552,2460073.104315201,2460073.1238428853,2460073.142942337
2023-05-09,2023-05-09,2460073.7548483605,2460073.735274416,2460073.7161374073,2460074.103860113,2460074.1234358726,2460074.142576696
2023-05-10,2023-05-10,2460074.755235521,2460074.7356127463,2460074.7164346045,2460075.1034136773,2460075.1230402747,2460075.1422223765
2023-05-11,2023-05-11,2460075.755626577,2460075.7359532127,2460075.7167340284,2460076.1029790905,2460076.1226563347,2460076.14187958
2023-05-12,2023-05-12,2460076.7560193883,2460076.7362956298,2460076.7170355427,2460077.1025566324,2460077.122284282,2460077.1415484925
2023-05-13,2023-05-13,2460077.7564136866,2460077.7366397884,2460077.717338986,2460078.1021465645,2460078.121924327,2460078.141229281
2023-05-14,2023-05-14,2460078.756809176,2460078.7369854534,2460078.717644173,2460079.101749129,2460079.1215766612,2460079.1409220924
2023-05-15,2023-05-15,2460079.7572055366,2460079.737332366,2460079.717950895,2460080.101364547,2460080.121241452,2460080.14062705
2023-05-16,2023-05-16,2460080.7576024253,2460080.7376802447,2460080.7182589206,2460081.100993017,2460081.1209188476,2460081.140344257
2023-05-17,2023-05-17,2460081.7579994802,2460081.7380287885,2460081.7185679986,2460082.1006347216,2460082.1206089766,2460082.1400737977
2023-05-18,2023-05-18,2460082.7583963214,2460082.73837768,2460082.718877862,2460083.100289824,2460083.1203119503,2460083.1398157394
2023-05-19,2023-05-19,2460083.758792554,2460083.738726585,2460083.7191882273,2460084.099958476,2460084.120027867,2460084.139570134
2023-05-20,2023-05-20,2460084.759187772,2460084.7390751597,2460084.7194988006,2460085.099640819,2460085.119756816,2460085.139337027
2023-05-21,2023-05-21,2460085.759581564,2460085.739423053,2460085.7198092802,2460086.0993369874,2460086.119498878,2460086.1391164535
2023-05-22,2023-05-22,2460086.759973514,2460086.7397699095,2460086.7201193604,2460087.09904711,2460087.1192541285,2460087.1389084454
2023-05-23,2023-05-23,2460087.7603632053,2460087.7401153734,2460087.7204287346,2460088.0987713113,2460088.11902264,2460088.138713029
2023-05-24,2023-05-24,2460088.760750223,2460088.7404590873,2460088.720737094,2460089.0985097094,2460089.1188044767,2460089.1385302264
2023-05-25,2023-05-25,2460089.7611341514,2460089.740800695,2460089.72104413,2460090.0982624153,2460090.118599698,2460090.138360051
2023-05-26,2023-05-26,2460090.761514581,2460090.7411398427,2460090.721349535,2460091.0980295334,2460091.1184083563,2460091.1382025136
2023-05-27,2023-05-27,2460091.761893,2460091.7414761786,2460091.7216543434,2460092.0978111615,2460092.1182304984,2460092.138057617
2023-05-28,2023-05-28,2460092.762270074,2460092.7418113174,2460092.721957876,2460093.0976073877,2460093.1180661623,2460093.137925358
2023-05-29,2023-05-29,2460093.7626424157,2460093.7421442685,2460093.7222588663,2460094.097418292,2460094.117915378,2460094.137805725
2023-05-30,2023-05-30,2460094.7630096236,2460094.7424733583,2460094.7225570097,2460095.0972429924,2460095.1177781704,2460095.1376987034
2023-05-31,2023-05-31,2460095.7633713046,2460095.7427982474,2460095.722852008,2460096.097081313,2460096.1176545573,2460096.137604271
2023-06-01,2023-06-01,2460096.763727077,2460096.743118603,2460096.72314357,2460097.0969346813,2460097.117544549,2460097.1375219147
